año;departamento;municipio;total;total H;total M;total indet;cabecera municipal H;cabecera municipal M;cebecera municipal indet;centro poblado H;centro poblado M;centro poblado indet;rural disperso H;rural disperso M;rural disperso indet;sin info H;sin info M;sin info indet
2009;antioquia;total;85.955;44.173;41.782;0,00;33.222;31.279;0,00;3.249;3.032;0,00;6.393;6.137;0,00;1.309;1.334;0,00
2009;antioquia;MEDELLÍN;31.893;16.334;15.559;0,00;15.871;15.141;0,00;210;208;0,00;126;101;0,00;127;109;0,00
2009;antioquia;ABEJORRAL;271;137;134;0,00;50;43;0,00;9;5;0,00;67;74;0,00;11;12;0,00
2009;antioquia;ABRIAQUÍ;21;11;10;0,00;4;6;0,00;1;1;0,00;6;3;0,00;0;0;0,00
2009;antioquia;ALEJANDRÍA;44;17;27;0,00;4;14;0,00;0;0;0,00;13;11;0,00;0;2;0,00
2009;antioquia;AMAGÁ;354;173;181;0,00;73;97;0,00;37;33;0,00;55;42;0,00;8;9;0,00
2009;antioquia;AMALFI;404;205;199;0,00;104;83;0,00;7;7;0,00;92;107;0,00;2;2;0,00
2009;antioquia;ANDES;594;301;293;0,00;3,00;117;0,00;82;58;0,00;83;102;0,00;15;16;0,00
2009;antioquia;ÁNGELÓPOLIS;73;39;34;0,00;15;14;0,00;8;10;0,00;15;8;0,00;1;2;0,00
2009;antioquia;ANGOSTURA;160;90;70;0,00;14;14;0,00;0;1;0,00;70;51;0,00;6;4;0,00
2009;antioquia;ANORÍ;278;159;119;0,00;74;60;0,00;5;4;0,00;72;49;0,00;8;6;0,00
2009;antioquia;SANTAFÉ DE ANTIOQUIA;330;166;164;0,00;88;83;0,00;4;5;0,00;65;72;0,00;9;4;0,00
2009;antioquia;ANZÁ;122;56;66;0,00;13;6;0,00;14;22;0,00;24;34;0,00;5;4;0,00
2009;antioquia;APARTADÓ;2.573;1.356;1.217;0,00;1.150;1.044;0,00;89;61;0,00;89;77;0,00;28;35;0,00
2009;antioquia;ARBOLETES;422;220;202;0,00;102;110;0,00;44;26;0,00;59;49;0,00;15;17;0,00
2009;antioquia;ARGELIA;140;70;70;0,00;32;30;0,00;0;0;0,00;37;40;0,00;1;0;0,00
2009;antioquia;ARMENIA;60;34;26;0,00;6;6;0,00;12;15;0,00;15;4;0,00;1;1;0,00
2009;antioquia;BARBOSA;563;271;292;0,00;127;128;0,00;33;32;0,00;106;122;0,00;5;10;0,00
2009;antioquia;BELMIRA;70;29;41;0,00;11;14;0,00;3;3;0,00;15;24;0,00;0;0;0,00
2009;antioquia;BELLO;5.156;2.696;2.460;0,00;2.595;2.357;0,00;19;16;0,00;55;42;0,00;27;45;0,00
2009;antioquia;BETANIA;154;78;76;0,00;41;33;0,00;0;2;0,00;33;36;0,00;4;5;0,00
2009;antioquia;BETULIA;285;150;135;0,00;38;50;0,00;13;13;0,00;93;64;0,00;6;8;0,00
2009;antioquia;CIUDAD BOLÍVAR;504;263;241;0,00;146;135;0,00;18;26;0,00;84;71;0,00;15;9;0,00
2009;antioquia;BRICEÑO;160;84;76;0,00;26;19;0,00;7;8;0,00;49;48;0,00;2;1;0,00
2009;antioquia;BURITICÁ;114;51;63;0,00;7;12;0,00;10;10;0,00;33;39;0,00;1;2;0,00
2009;antioquia;CÁCERES;667;346;321;0,00;138;130;0,00;127;126;0,00;67;55;0,00;14;10;0,00
2009;antioquia;CAICEDO;120;64;56;0,00;10;19;0,00;6;7;0,00;44;29;0,00;4;1;0,00
2009;antioquia;CALDAS;908;483;425;0,00;349;313;0,00;57;49;0,00;62;52;0,00;15;11;0,00
2009;antioquia;CAMPAMENTO;128;66;62;0,00;16;11;0,00;14;7;0,00;34;43;0,00;2;1;0,00
2009;antioquia;CAÑASGORDAS;182;94;88;0,00;33;28;0,00;14;14;0,00;47;42;0,00;0;4;0,00
2009;antioquia;CARACOLÍ;76;44;32;0,00;20;18;0,00;7;3;0,00;16;11;0,00;1;0;0,00
2009;antioquia;CARAMANTA;68;36;32;0,00;13;13;0,00;7;6;0,00;15;10;0,00;1;3;0,00
2009;antioquia;CAREPA;879;452;427;0,00;338;311;0,00;27;30;0,00;60;59;0,00;27;27;0,00
2009;antioquia;EL CARMEN DE VIBORAL;578;308;270;0,00;179;148;0,00;31;23;0,00;90;86;0,00;8;13;0,00
2009;antioquia;CAROLINA;40;15;25;0,00;11;19;0,00;0;0;0,00;3;4;0,00;1;2;0,00
2009;antioquia;CAUCASIA;2.122;1.031;1.091;0,00;861;888;0,00;56;52;0,00;90;122;0,00;24;29;0,00
2009;antioquia;CHIGORODÓ;1.421;732;689;0,00;598;572;0,00;4;4;0,00;104;95;0,00;26;18;0,00
2009;antioquia;CISNEROS;143;74;69;0,00;52;52;0,00;2;2;0,00;16;12;0,00;4;3;0,00
2009;antioquia;COCORNÁ;208;111;97;0,00;38;26;0,00;6;10;0,00;62;60;0,00;5;1;0,00
2009;antioquia;CONCEPCIÓN;64;38;26;0,00;13;10;0,00;0;0;0,00;23;16;0,00;2;0;0,00
2009;antioquia;CONCORDIA;280;141;139;0,00;46;58;0,00;5;6;0,00;89;74;0,00;1;1;0,00
2009;antioquia;COPACABANA;702;335;367;0,00;268;283;0,00;0;0;0,00;52;73;0,00;15;11;0,00
2009;antioquia;DABEIBA;254;138;116;0,00;55;55;0,00;15;12;0,00;65;44;0,00;3;5;0,00
2009;antioquia;DON MATÍAS;289;156;133;0,00;92;90;0,00;14;10;0,00;48;28;0,00;2;5;0,00
2009;antioquia;EBÉJICO;135;63;72;0,00;11;13;0,00;15;12;0,00;35;44;0,00;2;3;0,00
2009;antioquia;EL BAGRE;1.075;564;511;0,00;339;311;0,00;93;82;0,00;105;95;0,00;27;23;0,00
2009;antioquia;ENTRERRIOS;114;51;63;0,00;17;31;0,00;2;4;0,00;32;27;0,00;0;1;0,00
2009;antioquia;ENVIGADO;1.491;768;723;0,00;733;691;0,00;13;8;0,00;10;10;0,00;12;14;0,00
2009;antioquia;FREDONIA;247;122;125;0,00;49;46;0,00;23;27;0,00;43;49;0,00;7;3;0,00
2009;antioquia;FRONTINO;246;137;109;0,00;66;39;0,00;27;18;0,00;38;45;0,00;6;7;0,00
2009;antioquia;GIRALDO;74;40;34;0,00;13;7;0,00;12;17;0,00;10;10;0,00;5;0;0,00
2009;antioquia;GIRARDOTA;483;253;230;0,00;137;103;0,00;29;23;0,00;80;92;0,00;7;12;0,00
2009;antioquia;GÓMEZ PLATA;128;65;63;0,00;25;37;0,00;18;12;0,00;20;13;0,00;2;1;0,00
2009;antioquia;GRANADA;96;46;50;0,00;20;26;0,00;0;0;0,00;24;20;0,00;2;4;0,00
2009;antioquia;GUADALUPE;82;42;40;0,00;11;19;0,00;3;4;0,00;28;17;0,00;0;0;0,00
2009;antioquia;GUARNE;441;229;212;0,00;100;89;0,00;0;0;0,00;118;115;0,00;11;8;0,00
2009;antioquia;GUATAPÉ;60;25;35;0,00;19;24;0,00;1;0;0,00;5;8;0,00;0;3;0,00
2009;antioquia;HELICONIA;54;32;22;0,00;16;10;0,00;10;3;0,00;6;9;0,00;0;0;0,00
2009;antioquia;HISPANIA;48;20;28;0,00;12;19;0,00;0;1;0,00;8;5;0,00;0;3;0,00
2009;antioquia;ITAGÜÍ;2.753;1.458;1.295;0,00;1.368;1.226;0,00;50;49;0,00;16;5;0,00;24;15;0,00
2009;antioquia;ITUANGO;384;182;202;0,00;57;52;0,00;36;50;0,00;86;98;0,00;3;2;0,00
2009;antioquia;JARDÍN;157;80;77;0,00;35;33;0,00;13;8;0,00;30;29;0,00;2;7;0,00
2009;antioquia;JERICÓ;130;72;58;0,00;40;27;0,00;4;4;0,00;28;22;0,00;0;5;0,00
2009;antioquia;LA CEJA;689;353;336;0,00;292;260;0,00;4;8;0,00;43;44;0,00;14;24;0,00
2009;antioquia;LA ESTRELLA;573;290;283;0,00;222;221;0,00;42;39;0,00;17;14;0,00;9;9;0,00
2009;antioquia;LA PINTADA;93;52;41;0,00;45;36;0,00;3;1;0,00;4;4;0,00;0;0;0,00
2009;antioquia;LA UNIÓN;296;153;143;0,00;76;70;0,00;12;12;0,00;57;55;0,00;8;6;0,00
2009;antioquia;LIBORINA;125;62;63;0,00;10;14;0,00;20;13;0,00;29;34;0,00;3;2;0,00
2009;antioquia;MACEO;118;62;56;0,00;18;21;0,00;17;15;0,00;27;20;0,00;0;0;0,00
2009;antioquia;MARINILLA;660;343;317;0,00;238;215;0,00;0;0;0,00;96;90;0,00;9;12;0,00
2009;antioquia;MONTEBELLO;65;20;45;0,00;4;6;0,00;0;1;0,00;16;37;0,00;0;1;0,00
2009;antioquia;MURINDÓ;45;21;24;0,00;6;9;0,00;3;2;0,00;8;7;0,00;4;6;0,00
2009;antioquia;MUTATÁ;421;226;195;0,00;69;49;0,00;89;86;0,00;49;48;0,00;19;12;0,00
2009;antioquia;NARIÑO;151;78;73;0,00;20;18;0,00;8;4;0,00;49;51;0,00;1;0;0,00
2009;antioquia;NECOCLÍ;1.014;529;485;0,00;131;136;0,00;133;110;0,00;229;206;0,00;36;33;0,00
2009;antioquia;NECHÍ;595;322;273;0,00;179;142;0,00;26;27;0,00;94;74;0,00;23;30;0,00
2009;antioquia;OLAYA;40;15;25;0,00;1;2;0,00;7;11;0,00;4;9;0,00;3;3;0,00
2009;antioquia;PEÑOL;227;122;105;0,00;79;67;0,00;0;0;0,00;39;36;0,00;4;2;0,00
2009;antioquia;PEQUE;98;49;49;0,00;18;11;0,00;2;3;0,00;28;34;0,00;1;1;0,00
2009;antioquia;PUEBLORRICO;105;63;42;0,00;24;15;0,00;5;7;0,00;32;16;0,00;2;4;0,00
2009;antioquia;PUERTO BERRÍO;955;476;479;0,00;345;349;0,00;47;49;0,00;74;71;0,00;10;10;0,00
2009;antioquia;PUERTO NARE;191;87;104;0,00;31;41;0,00;40;42;0,00;14;14;0,00;2;7;0,00
2009;antioquia;PUERTO TRIUNFO;293;154;139;0,00;51;47;0,00;74;65;0,00;20;19;0,00;9;8;0,00
2009;antioquia;REMEDIOS;365;200;165;0,00;114;80;0,00;33;30;0,00;49;49;0,00;4;6;0,00
2009;antioquia;RETIRO;195;109;86;0,00;61;48;0,00;23;13;0,00;19;23;0,00;6;2;0,00
2009;antioquia;RIONEGRO;1.432;708;724;0,00;487;474;0,00;11;9;0,00;184;211;0,00;26;30;0,00
2009;antioquia;SABANALARGA;165;94;71;0,00;30;22;0,00;22;15;0,00;37;28;0,00;5;6;0,00
2009;antioquia;SABANETA;460;232;228;0,00;185;184;0,00;31;35;0,00;3;6;0,00;13;3;0,00
2009;antioquia;SALGAR;262;132;130;0,00;37;41;0,00;20;23;0,00;71;60;0,00;4;6;0,00
2009;antioquia;SAN ANDRÉS DE CUERQUÍA;96;50;46;0,00;15;18;0,00;0;0;0,00;34;27;0,00;1;1;0,00
2009;antioquia;SAN CARLOS;175;87;88;0,00;49;44;0,00;17;11;0,00;15;31;0,00;6;2;0,00
2009;antioquia;SAN FRANCISCO;118;54;64;0,00;23;26;0,00;9;9;0,00;20;25;0,00;2;4;0,00
2009;antioquia;SAN JERÓNIMO;134;65;69;0,00;21;28;0,00;13;18;0,00;30;21;0,00;1;2;0,00
2009;antioquia;SAN JOSÉ DE LA MONTAÑA;64;32;32;0,00;15;14;0,00;0;0;0,00;17;17;0,00;0;1;0,00
2009;antioquia;SAN JUAN DE URABÁ;395;188;207;0,00;78;81;0,00;26;16;0,00;69;80;0,00;15;30;0,00
2009;antioquia;SAN LUIS;214;115;99;0,00;56;42;0,00;29;24;0,00;27;29;0,00;3;4;0,00
2009;antioquia;SAN PEDRO DE LOS MILAGROS;421;244;177;0,00;111;77;0,00;36;24;0,00;85;67;0,00;12;9;0,00
2009;antioquia;SAN PEDRO DE URABÁ;717;364;353;0,00;145;153;0,00;48;54;0,00;153;138;0,00;18;8;0,00
2009;antioquia;SAN RAFAEL;187;90;97;0,00;40;47;0,00;0;0;0,00;47;47;0,00;3;3;0,00
2009;antioquia;SAN ROQUE;269;123;146;0,00;47;50;0,00;28;35;0,00;45;58;0,00;3;3;0,00
2009;antioquia;SAN VICENTE;264;130;134;0,00;40;35;0,00;1;3;0,00;81;94;0,00;8;2;0,00
2009;antioquia;SANTA BÁRBARA;305;145;160;0,00;49;70;0,00;26;22;0,00;66;63;0,00;4;5;0,00
2009;antioquia;SANTA ROSA DE OSOS;593;302;291;0,00;145;137;0,00;44;46;0,00;109;103;0,00;4;5;0,00
2009;antioquia;SANTO DOMINGO;157;76;81;0,00;24;27;0,00;13;19;0,00;35;33;0,00;4;2;0,00
2009;antioquia;EL SANTUARIO;487;256;231;0,00;176;159;0,00;0;0;0,00;73;59;0,00;7;13;0,00
2009;antioquia;SEGOVIA;645;367;278;0,00;300;223;0,00;13;8;0,00;43;33;0,00;11;14;0,00
2009;antioquia;SONSÓN;517;263;254;0,00;106;92;0,00;81;65;0,00;67;84;0,00;9;13;0,00
2009;antioquia;SOPETRÁN;188;87;101;0,00;30;47;0,00;16;17;0,00;35;29;0,00;6;8;0,00
2009;antioquia;TÁMESIS;161;74;87;0,00;33;36;0,00;14;17;0,00;26;32;0,00;1;2;0,00
2009;antioquia;TARAZÁ;721;334;387;0,00;197;231;0,00;65;88;0,00;60;50;0,00;12;18;0,00
2009;antioquia;TARSO;68;38;30;0,00;24;18;0,00;1;1;0,00;12;8;0,00;1;3;0,00
2009;antioquia;TITIRIBÍ;119;59;60;0,00;29;23;0,00;16;27;0,00;12;9;0,00;2;1;0,00
2009;antioquia;TOLEDO;80;45;35;0,00;9;10;0,00;1;2;0,00;31;21;0,00;4;2;0,00
2009;antioquia;TURBO;3.031;1.632;1.399;0,00;813;673;0,00;507;450;0,00;265;223;0,00;47;53;0,00
2009;antioquia;URAMITA;109;51;58;0,00;14;17;0,00;1;2;0,00;34;39;0,00;2;0;0,00
2009;antioquia;URRAO;449;223;226;0,00;119;106;0,00;10;11;0,00;89;97;0,00;5;12;0,00
2009;antioquia;VALDIVIA;328;174;154;0,00;48;46;0,00;32;33;0,00;69;57;0,00;25;18;0,00
2009;antioquia;VALPARAÍSO;65;35;30;0,00;19;18;0,00;2;4;0,00;13;8;0,00;1;0;0,00
2009;antioquia;VEGACHÍ;197;100;97;0,00;54;50;0,00;7;6;0,00;35;38;0,00;4;3;0,00
2009;antioquia;VENECIA;149;75;74;0,00;33;25;0,00;21;17;0,00;20;30;0,00;1;2;0,00
2009;antioquia;VIGÍA DEL FUERTE;93;41;52;0,00;17;24;0,00;9;7;0,00;12;16;0,00;3;5;0,00
2009;antioquia;YALÍ;88;49;39;0,00;25;21;0,00;0;0;0,00;22;18;0,00;2;0;0,00
2009;antioquia;YARUMAL;864;432;432;0,00;286;256;0,00;62;75;0,00;64;77;0,00;20;24;0,00
2009;antioquia;YOLOMBÓ;368;174;194;0,00;71;71;0,00;27;22;0,00;72;90;0,00;4;11;0,00
2009;antioquia;YONDÓ;336;174;162;0,00;98;91;0,00;17;12;0,00;56;54;0,00;3;5;0,00
2009;antioquia;ZARAGOZA;581;315;266;0,00;180;151;0,00;19;18;0,00;93;74;0,00;23;23;0,00
2009;antioquia;SIN INFORMACIÓN;497;255;242;0,00;0;1;0,00;0;0;0,00;0;0;0,00;255;241;0,00
2010;antioquia;total;78.207;40.287;37.920;0;29.926;28.424;0;2.693;2.517;0;6.788;6.148;0;880;831;0
2010;antioquia;Medellín;28.587;14.734;13.853;0;14.192;13.408;0;174;151;0;165;134;0;203;160;0
2010;antioquia;Abejorral;241;115;126;0;41;55;0;4;4;0;64;56;0;6;11;0
2010;antioquia;Abriaquí;34;22;12;0;11;10;0;1;0;0;10;2;0;0;0;0
2010;antioquia;Alejandría;53;30;23;0;19;12;0;0;0;0;10;11;0;1;0;0
2010;antioquia;Amagá;308;154;154;0;72;72;0;19;18;0;54;53;0;9;11;0
2010;antioquia;Amalfi;392;199;193;0;107;97;0;11;8;0;78;82;0;3;6;0
2010;antioquia;Andes;552;298;254;0;121;98;0;55;49;0;114;100;0;8;7;0
2010;antioquia;Ángelópolis;79;45;34;0;14;13;0;9;5;0;19;15;0;3;1;0
2010;antioquia;Angostura;160;80;80;0;17;21;0;0;0;0;59;57;0;4;2;0
2010;antioquia;Anorí;306;162;144;0;64;61;0;6;3;0;89;78;0;3;2;0
2010;antioquia;Santafé de Antioquia;331;161;170;0;86;100;0;5;3;0;69;62;0;1;5;0
2010;antioquia;Anzá;96;51;45;0;9;11;0;14;11;0;27;21;0;1;2;0
2010;antioquia;Apartadó;2.220;1.166;1.054;0;976;906;0;77;64;0;101;73;0;12;11;0
2010;antioquia;Arboletes;407;210;197;0;100;104;0;23;19;0;78;64;0;9;10;0
2010;antioquia;Argelia;111;48;63;0;14;30;0;0;0;0;32;31;0;2;2;0
2010;antioquia;Armenia;53;32;21;0;4;6;0;15;8;0;13;6;0;0;1;0
2010;antioquia;Barbosa;496;282;214;0;116;105;0;29;23;0;131;83;0;6;3;0
2010;antioquia;Belmira;76;41;35;0;11;8;0;3;8;0;26;17;0;1;2;0
2010;antioquia;Bello;4.822;2.487;2.335;0;2.409;2.236;0;13;28;0;46;53;0;19;18;0
2010;antioquia;Betania;118;54;64;0;22;27;0;0;2;0;29;30;0;3;5;0
2010;antioquia;Betulia;275;149;126;0;59;43;0;6;10;0;80;66;0;4;7;0
2010;antioquia;Ciudad Bolívar;426;233;193;0;150;106;0;16;11;0;63;73;0;4;3;0
2010;antioquia;Briceño;150;84;66;0;21;18;0;9;6;0;54;42;0;0;0;0
2010;antioquia;Buriticá;121;64;57;0;10;9;0;11;12;0;42;34;0;1;2;0
2010;antioquia;Cáceres;643;339;304;0;143;113;0;111;97;0;72;78;0;13;16;0
2010;antioquia;Caicedo;122;63;59;0;13;19;0;2;7;0;43;31;0;5;2;0
2010;antioquia;Caldas;740;372;368;0;253;265;0;25;22;0;89;78;0;5;3;0
2010;antioquia;Campamento;119;68;51;0;10;9;0;4;2;0;53;39;0;1;1;0
2010;antioquia;Cañasgordas;191;90;101;0;23;25;0;14;17;0;53;58;0;0;1;0
2010;antioquia;Caracolí;63;33;30;0;19;14;0;1;2;0;13;12;0;0;2;0
2010;antioquia;Caramanta;70;33;37;0;13;13;0;2;5;0;17;19;0;1;0;0
2010;antioquia;Carepa;897;453;444;0;312;333;0;38;28;0;84;72;0;19;11;0
2010;antioquia;El Carmen de Viboral;542;285;257;0;160;128;0;16;19;0;108;103;0;1;7;0
2010;antioquia;Carolina;27;15;12;0;10;9;0;0;0;0;5;2;0;0;1;0
2010;antioquia;Caucasia;1.633;842;791;0;705;668;0;35;39;0;86;77;0;16;7;0
2010;antioquia;Chigorodó;1.223;602;621;0;488;507;0;3;6;0;102;98;0;9;10;0
2010;antioquia;Cisneros;130;56;74;0;41;52;0;1;0;0;11;20;0;3;2;0
2010;antioquia;Cocorná;200;98;102;0;41;37;0;3;8;0;52;55;0;2;2;0
2010;antioquia;Concepción;52;31;21;0;8;4;0;0;0;0;23;17;0;0;0;0
2010;antioquia;Concordia;279;142;137;0;58;50;0;1;4;0;76;79;0;7;4;0
2010;antioquia;Copacabana;639;331;308;0;270;243;0;11;17;0;47;41;0;3;7;0
2010;antioquia;Dabeiba;272;137;135;0;71;64;0;11;16;0;54;53;0;1;2;0
2010;antioquia;Don Matías;256;133;123;0;82;77;0;8;8;0;40;35;0;3;3;0
2010;antioquia;Ebéjico;127;75;52;0;16;10;0;13;11;0;42;28;0;4;3;0
2010;antioquia;El Bagre;1.021;524;497;0;323;294;0;78;93;0;104;104;0;19;6;0
2010;antioquia;Entrerrios;101;53;48;0;16;17;0;1;1;0;35;29;0;1;1;0
2010;antioquia;Envigado;1.597;847;750;0;827;724;0;4;9;0;13;11;0;3;6;0
2010;antioquia;Fredonia;213;110;103;0;40;48;0;18;20;0;45;28;0;7;7;0
2010;antioquia;Frontino;304;145;159;0;49;67;0;24;30;0;68;55;0;4;7;0
2010;antioquia;Giraldo;68;36;32;0;7;9;0;10;8;0;19;13;0;0;2;0
2010;antioquia;Girardota;466;240;226;0;123;120;0;13;10;0;93;88;0;11;8;0
2010;antioquia;Gómez Plata;117;51;66;0;24;28;0;9;20;0;18;16;0;0;2;0
2010;antioquia;Granada;114;56;58;0;21;30;0;2;1;0;31;26;0;2;1;0
2010;antioquia;Guadalupe;79;42;37;0;19;18;0;1;3;0;20;16;0;2;0;0
2010;antioquia;Guarne;440;221;219;0;86;79;0;0;0;0;131;132;0;4;8;0
2010;antioquia;Guatapé;58;27;31;0;22;24;0;0;0;0;5;7;0;0;0;0
2010;antioquia;Heliconia;42;24;18;0;8;5;0;5;6;0;11;6;0;0;1;0
2010;antioquia;Hispania;43;17;26;0;11;19;0;0;0;0;6;6;0;0;1;0
2010;antioquia;Itagüí;2.518;1.294;1.224;0;1.183;1.132;0;56;44;0;43;32;0;12;16;0
2010;antioquia;Ituango;391;204;187;0;52;55;0;58;39;0;89;85;0;5;8;0
2010;antioquia;Jardín;169;82;87;0;36;41;0;12;13;0;27;31;0;7;2;0
2010;antioquia;Jericó;123;67;56;0;38;26;0;1;3;0;26;25;0;2;2;0
2010;antioquia;La Ceja;692;361;331;0;284;268;0;14;4;0;57;56;0;6;3;0
2010;antioquia;La Estrella;541;284;257;0;220;200;0;51;36;0;10;15;0;3;6;0
2010;antioquia;La Pintada;118;53;65;0;44;53;0;0;0;0;8;12;0;1;0;0
2010;antioquia;La Unión;258;143;115;0;75;65;0;9;7;0;58;38;0;1;5;0
2010;antioquia;Liborina;110;57;53;0;16;11;0;15;14;0;24;25;0;2;3;0
2010;antioquia;Maceo;92;44;48;0;16;16;0;9;10;0;19;16;0;0;6;0
2010;antioquia;Marinilla;634;324;310;0;227;213;0;0;0;0;93;92;0;4;5;0
2010;antioquia;Montebello;73;38;35;0;9;8;0;2;2;0;27;25;0;0;0;0
2010;antioquia;Murindó;51;25;26;0;12;16;0;0;1;0;12;5;0;1;4;0
2010;antioquia;Mutatá;387;187;200;0;49;58;0;67;67;0;61;71;0;10;4;0
2010;antioquia;Nariño;167;82;85;0;20;28;0;4;4;0;54;50;0;4;3;0
2010;antioquia;Necoclí;922;474;448;0;125;118;0;125;96;0;204;215;0;20;19;0
2010;antioquia;Nechí;441;211;230;0;117;123;0;18;20;0;63;69;0;13;18;0
2010;antioquia;Olaya;40;14;26;0;0;4;0;5;10;0;9;12;0;0;0;0
2010;antioquia;Peñol;201;103;98;0;55;53;0;0;0;0;47;41;0;1;4;0
2010;antioquia;Peque;93;51;42;0;14;12;0;6;7;0;30;22;0;1;1;0
2010;antioquia;Pueblorrico;106;49;57;0;21;24;0;4;1;0;21;30;0;3;2;0
2010;antioquia;Puerto Berrío;800;403;397;0;323;314;0;30;36;0;45;43;0;5;4;0
2010;antioquia;Puerto Nare;173;88;85;0;32;40;0;33;33;0;22;10;0;1;2;0
2010;antioquia;Puerto Triunfo;248;122;126;0;32;44;0;70;60;0;18;19;0;2;3;0
2010;antioquia;Remedios;387;197;190;0;112;107;0;31;30;0;51;49;0;3;4;0
2010;antioquia;Retiro;158;80;78;0;46;47;0;3;4;0;30;27;0;1;0;0
2010;antioquia;Rionegro;1.283;649;634;0;407;421;0;5;3;0;230;205;0;7;5;0
2010;antioquia;Sabanalarga;186;106;80;0;35;19;0;21;13;0;45;43;0;5;5;0
2010;antioquia;Sabaneta;447;236;211;0;211;184;0;16;22;0;6;4;0;3;1;0
2010;antioquia;Salgar;259;123;136;0;35;41;0;20;20;0;67;72;0;1;3;0
2010;antioquia;San Andrés de Cuerquía;94;51;43;0;16;15;0;0;0;0;33;27;0;2;1;0
2010;antioquia;San Carlos;184;106;78;0;56;40;0;10;11;0;36;25;0;4;2;0
2010;antioquia;San Francisco;88;39;49;0;15;18;0;6;6;0;18;23;0;0;2;0
2010;antioquia;San Jerónimo;147;75;72;0;25;19;0;14;16;0;34;36;0;2;1;0
2010;antioquia;San José de La Montaña;63;32;31;0;16;18;0;0;0;0;15;12;0;1;1;0
2010;antioquia;San Juan de Urabá;394;220;174;0;96;69;0;24;13;0;87;78;0;13;14;0
2010;antioquia;San Luis;189;102;87;0;50;45;0;16;17;0;34;24;0;2;1;0
2010;antioquia;San Pedro de Los Milagros;398;202;196;0;87;94;0;27;25;0;77;72;0;11;5;0
2010;antioquia;San Pedro de Urabá;770;409;361;0;160;127;0;43;37;0;197;185;0;9;12;0
2010;antioquia;San Rafael;171;90;81;0;35;36;0;2;3;0;53;41;0;0;1;0
2010;antioquia;San Roque;252;133;119;0;51;40;0;28;20;0;49;55;0;5;4;0
2010;antioquia;San Vicente;233;129;104;0;21;28;0;1;0;0;106;74;0;1;2;0
2010;antioquia;Santa Bárbara;249;118;131;0;52;64;0;14;11;0;47;46;0;5;10;0
2010;antioquia;Santa Rosa de Osos;509;236;273;0;110;134;0;27;21;0;99;115;0;0;3;0
2010;antioquia;Santo Domingo;131;65;66;0;16;28;0;15;6;0;32;28;0;2;4;0
2010;antioquia;El Santuario;462;248;214;0;156;148;0;0;0;0;89;64;0;3;2;0
2010;antioquia;Segovia;643;350;293;0;295;243;0;18;12;0;28;33;0;9;5;0
2010;antioquia;Sonsón;460;246;214;0;87;86;0;56;40;0;102;81;0;1;7;0
2010;antioquia;Sopetrán;167;84;83;0;38;29;0;4;7;0;39;42;0;3;5;0
2010;antioquia;Támesis;174;89;85;0;38;37;0;14;10;0;34;38;0;3;0;0
2010;antioquia;Tarazá;587;295;292;0;183;192;0;60;63;0;44;30;0;8;7;0
2010;antioquia;Tarso;64;35;29;0;14;14;0;0;0;0;18;14;0;3;1;0
2010;antioquia;Titiribí;70;36;34;0;15;8;0;9;14;0;12;10;0;0;2;0
2010;antioquia;Toledo;103;55;48;0;10;15;0;2;0;0;42;32;0;1;1;0
2010;antioquia;Turbo;2.833;1.448;1.385;0;656;651;0;458;434;0;306;276;0;28;24;0
2010;antioquia;Uramita;109;61;48;0;14;12;0;4;1;0;43;34;0;0;1;0
2010;antioquia;Urrao;387;208;179;0;108;100;0;8;13;0;85;62;0;7;4;0
2010;antioquia;Valdivia;282;145;137;0;38;41;0;34;43;0;59;43;0;14;10;0
2010;antioquia;Valparaíso;52;29;23;0;11;8;0;1;1;0;14;12;0;3;2;0
2010;antioquia;Vegachí;219;123;96;0;74;62;0;3;3;0;44;30;0;2;1;0
2010;antioquia;Venecia;132;75;57;0;29;20;0;19;18;0;26;17;0;1;2;0
2010;antioquia;Vigía del Fuerte;117;65;52;0;34;30;0;12;8;0;12;12;0;7;2;0
2010;antioquia;Yalí;86;44;42;0;15;23;0;12;9;0;15;10;0;2;0;0
2010;antioquia;Yarumal;721;358;363;0;234;236;0;51;49;0;68;76;0;5;2;0
2010;antioquia;Yolombó;255;138;117;0;49;37;0;24;26;0;59;51;0;6;3;0
2010;antioquia;Yondó;272;126;146;0;73;82;0;7;10;0;43;47;0;3;7;0
2010;antioquia;Zaragoza;514;248;266;0;146;156;0;21;18;0;71;79;0;10;13;0
2010;antioquia;Sin Información;256;131;125;0;0;0;0;0;1;0;0;0;0;131;124;0
2011;antioquia;total;76.417;39.260;37.157;0;29.095;27.441;0;2.594;2.524;0;7.251;6.874;0;320;318;0
2011;antioquia;Medellín;27.675;14.272;13.403;0;13.825;12.977;0;154;138;0;182;165;0;111;123;0
2011;antioquia;Abejorral;253;123;130;0;45;40;0;7;11;0;69;77;0;2;2;0
2011;antioquia;Abriaquí;30;14;16;0;7;10;0;1;1;0;6;4;0;0;1;0
2011;antioquia;Alejandría;53;20;33;0;11;19;0;0;1;0;9;13;0;0;0;0
2011;antioquia;Amagá;275;147;128;0;67;53;0;18;14;0;62;60;0;0;1;0
2011;antioquia;Amalfi;401;190;211;0;92;107;0;10;10;0;87;94;0;1;0;0
2011;antioquia;Andes;556;294;262;0;116;108;0;47;44;0;131;110;0;0;0;0
2011;antioquia;Ángelópolis;63;36;27;0;14;9;0;3;4;0;19;14;0;0;0;0
2011;antioquia;Angostura;173;92;81;0;22;16;0;2;1;0;62;55;0;6;9;0
2011;antioquia;Anorí;287;149;138;0;52;51;0;15;12;0;74;69;0;8;6;0
2011;antioquia;Santafé de Antioquia;288;152;136;0;70;61;0;17;16;0;65;59;0;0;0;0
2011;antioquia;Anzá;101;50;51;0;5;9;0;15;14;0;27;28;0;3;0;0
2011;antioquia;Apartadó;2.345;1.228;1.117;0;1.033;921;0;98;105;0;91;81;0;6;10;0
2011;antioquia;Arboletes;498;254;244;0;111;99;0;58;38;0;85;106;0;0;1;0
2011;antioquia;Argelia;130;72;58;0;27;20;0;2;1;0;38;32;0;5;5;0
2011;antioquia;Armenia;46;21;25;0;5;8;0;5;7;0;11;10;0;0;0;0
2011;antioquia;Barbosa;447;213;234;0;96;113;0;21;28;0;95;92;0;1;1;0
2011;antioquia;Belmira;77;37;40;0;16;13;0;3;5;0;18;21;0;0;1;0
2011;antioquia;Bello;4.558;2.390;2.168;0;2.299;2.098;0;22;20;0;63;47;0;6;3;0
2011;antioquia;Betania;112;65;47;0;20;20;0;0;1;0;43;26;0;2;0;0
2011;antioquia;Betulia;289;156;133;0;39;37;0;12;9;0;105;87;0;0;0;0
2011;antioquia;Ciudad Bolívar;456;235;221;0;128;129;0;21;7;0;86;85;0;0;0;0
2011;antioquia;Briceño;149;67;82;0;18;18;0;7;4;0;42;60;0;0;0;0
2011;antioquia;Buriticá;117;59;58;0;12;11;0;12;4;0;35;42;0;0;1;0
2011;antioquia;Cáceres;585;292;293;0;90;102;0;131;119;0;61;62;0;10;10;0
2011;antioquia;Caicedo;123;56;67;0;10;14;0;8;11;0;37;41;0;1;1;0
2011;antioquia;Caldas;748;381;367;0;264;247;0;14;10;0;101;110;0;2;0;0
2011;antioquia;Campamento;106;53;53;0;11;6;0;1;1;0;41;46;0;0;0;0
2011;antioquia;Cañasgordas;183;93;90;0;26;20;0;8;10;0;57;60;0;2;0;0
2011;antioquia;Caracolí;45;22;23;0;16;14;0;0;0;0;6;9;0;0;0;0
2011;antioquia;Caramanta;58;28;30;0;15;11;0;0;1;0;13;18;0;0;0;0
2011;antioquia;Carepa;992;525;467;0;369;350;0;53;41;0;102;75;0;1;1;0
2011;antioquia;El Carmen de Viboral;508;255;253;0;136;150;0;2;7;0;117;96;0;0;0;0
2011;antioquia;Carolina;28;17;11;0;14;7;0;1;1;0;2;3;0;0;0;0
2011;antioquia;Caucasia;1.516;757;759;0;650;632;0;27;38;0;77;89;0;3;0;0
2011;antioquia;Chigorodó;1.197;596;601;0;492;507;0;8;5;0;96;88;0;0;1;0
2011;antioquia;Cisneros;122;63;59;0;50;42;0;0;1;0;13;16;0;0;0;0
2011;antioquia;Cocorná;201;99;102;0;36;29;0;3;2;0;60;70;0;0;1;0
2011;antioquia;Concepción;53;25;28;0;8;8;0;0;0;0;17;20;0;0;0;0
2011;antioquia;Concordia;268;137;131;0;46;48;0;3;4;0;88;79;0;0;0;0
2011;antioquia;Copacabana;665;336;329;0;252;261;0;8;5;0;73;63;0;3;0;0
2011;antioquia;Dabeiba;229;109;120;0;38;44;0;7;11;0;60;61;0;4;4;0
2011;antioquia;Don Matías;224;112;112;0;67;68;0;3;3;0;41;39;0;1;2;0
2011;antioquia;Ebéjico;116;52;64;0;6;5;0;5;14;0;41;45;0;0;0;0
2011;antioquia;El Bagre;1.100;562;538;0;336;310;0;102;101;0;111;114;0;13;13;0
2011;antioquia;Entrerrios;105;57;48;0;23;22;0;2;4;0;32;22;0;0;0;0
2011;antioquia;Envigado;1.580;840;740;0;816;725;0;6;1;0;18;12;0;0;2;0
2011;antioquia;Fredonia;173;94;79;0;47;27;0;14;17;0;31;34;0;2;1;0
2011;antioquia;Frontino;280;135;145;0;37;40;0;27;36;0;71;67;0;0;2;0
2011;antioquia;Giraldo;60;33;27;0;12;7;0;4;11;0;17;9;0;0;0;0
2011;antioquia;Girardota;401;210;191;0;103;99;0;5;3;0;101;87;0;1;2;0
2011;antioquia;Gómez Plata;85;40;45;0;13;17;0;10;12;0;16;16;0;1;0;0
2011;antioquia;Granada;119;60;59;0;36;28;0;1;0;0;23;29;0;0;2;0
2011;antioquia;Guadalupe;81;48;33;0;18;13;0;3;0;0;27;20;0;0;0;0
2011;antioquia;Guarne;360;187;173;0;85;69;0;0;1;0;102;103;0;0;0;0
2011;antioquia;Guatapé;56;25;31;0;21;21;0;0;0;0;4;9;0;0;1;0
2011;antioquia;Heliconia;54;23;31;0;11;11;0;5;6;0;7;14;0;0;0;0
2011;antioquia;Hispania;47;25;22;0;15;13;0;0;1;0;10;7;0;0;1;0
2011;antioquia;Itagüí;2.454;1.261;1.193;0;1.156;1.120;0;41;31;0;61;39;0;3;3;0
2011;antioquia;Ituango;413;209;204;0;37;37;0;51;36;0;121;130;0;0;1;0
2011;antioquia;Jardín;154;79;75;0;34;34;0;9;7;0;35;31;0;1;3;0
2011;antioquia;Jericó;127;62;65;0;32;34;0;1;4;0;29;27;0;0;0;0
2011;antioquia;La Ceja;705;377;328;0;273;239;0;7;6;0;97;83;0;0;0;0
2011;antioquia;La Estrella;549;296;253;0;231;195;0;30;31;0;34;27;0;1;0;0
2011;antioquia;La Pintada;87;42;45;0;38;34;0;0;0;0;4;11;0;0;0;0
2011;antioquia;La Unión;288;153;135;0;84;65;0;3;10;0;66;60;0;0;0;0
2011;antioquia;Liborina;127;59,00;68;0;12;15;0;8;23;0;39;29;0;0;1;0
2011;antioquia;Maceo;120;61;59;0;25;21;0;8;10;0;28;28;0;0;0;0
2011;antioquia;Marinilla;575;289;286;0;198;206;0;4;6;0;87;74;0;0;0;0
2011;antioquia;Montebello;60;28;32;0;8;13;0;3;3;0;17;16;0;0;0;0
2011;antioquia;Murindó;69;31;38;0;14;19;0;2;9;0;15;9;0;0;1;0
2011;antioquia;Mutatá;405;211;194;0;53;46;0;58;65;0;92;79;0;8;4;0
2011;antioquia;Nariño;156;74;82;0;16;22;0;9;4;0;48;56;0;1;0;0
2011;antioquia;Necoclí;952;495;457;0;128;100;0;118;123;0;241;226;0;8;8;0
2011;antioquia;Nechí;490;248;242;0;141;145;0;26;17;0;68;69;0;13;11;0
2011;antioquia;Olaya;27;13;14;0;2;4;0;5;2;0;5;8;0;1;0;0
2011;antioquia;Peñol;216;106;110;0;57;59;0;3;3;0;43;47;0;3;1;0
2011;antioquia;Peque;125;63;62;0;20;28;0;5;8;0;36;26;0;2;0;0
2011;antioquia;Pueblorrico;90;47;43;0;23;18;0;5;3;0;18;21;0;1;1;0
2011;antioquia;Puerto Berrío;874;464;410;0;375;300;0;18;38;0;62;68;0;9;4;0
2011;antioquia;Puerto Nare;167;83;84;0;35;32;0;25;34;0;22;18;0;1;0;0
2011;antioquia;Puerto Triunfo;226;113;113;0;37;42;0;49;43;0;27;28;0;0;0;0
2011;antioquia;Remedios;433;225;208;0;127;115;0;28;34;0;70;59;0;0;0;0
2011;antioquia;Retiro;172;97;75;0;50;43;0;4;2;0;43;30;0;0;0;0
2011;antioquia;Rionegro;1.258;630;628;0;410;385;0;4;12;0;215;231;0;1;0;0
2011;antioquia;Sabanalarga;146;74;72;0;16;24;0;15;9;0;42;36;0;1;3;0
2011;antioquia;Sabaneta;453;242;211;0;217;195;0;8;11;0;17;5;0;0;0;0
2011;antioquia;Salgar;258;131;127;0;49;47;0;6;11;0;76;68;0;0;1;0
2011;antioquia;San Andrés de Cuerquía;94;50;44;0;10;15;0;1;1;0;38;27;0;1;1;0
2011;antioquia;San Carlos;183;92;91;0;48;42;0;11;12;0;32;34;0;1;3;0
2011;antioquia;San Francisco;77;38;39;0;21;16;0;3;3;0;14;20;0;0;0;0
2011;antioquia;San Jerónimo;127;57;70;0;19;14;0;2;8;0;36;48;0;0;0;0
2011;antioquia;San José de La Montaña;45;15;30;0;9;16;0;0;1;0;4;13;0;2;0;0
2011;antioquia;San Juan de Urabá;515;245;270;0;97;100;0;30;27;0;118;143;0;0;0;0
2011;antioquia;San Luis;190;95;95;0;43;45;0;11;16;0;40;32;0;1;2;0
2011;antioquia;San Pedro de Los Milagros;330;173;157;0;64;80;0;19;17;0;87;57;0;3;3;0
2011;antioquia;San Pedro de Urabá;671;355;316;0;123;115;0;45;40;0;181;158;0;6;3;0
2011;antioquia;San Rafael;148;71;77;0;34;39;0;0;3;0;37;35;0;0;0;0
2011;antioquia;San Roque;260;128;132;0;27;44;0;33;31;0;68;57;0;0;0;0
2011;antioquia;San Vicente;210;113;97;0;28;26;0;3;2;0;82;69;0;0;0;0
2011;antioquia;Santa Bárbara;273;136;137;0;46;47;0;13;14;0;77;76;0;0;0;0
2011;antioquia;Santa Rosa de Osos;471;249;222;0;119;107;0;14;17;0;116;98;0;0;0;0
2011;antioquia;Santo Domingo;102;56;46;0;22;14;0;9;4;0;25;28;0;0;0;0
2011;antioquia;El Santuario;444;233;211;0;147;137;0;5;6;0;79;66;0;2;2;0
2011;antioquia;Segovia;652;332;320;0;255;247;0;27;28;0;49;43;0;1;2;0
2011;antioquia;Sonsón;453;230;223;0;78;85;0;35;46;0;116;90;0;1;2;0
2011;antioquia;Sopetrán;145;82;63;0;28;17;0;9;6;0;42;40;0;3;0;0
2011;antioquia;Támesis;127;68;59;0;24;34;0;10;7;0;34;17;0;0;1;0
2011;antioquia;Tarazá;560;277;283;0;146;173;0;79;60;0;48;47;0;4;3;0
2011;antioquia;Tarso;48;29;19;0;15;12;0;0;0;0;12;6;0;2;1;0
2011;antioquia;Titiribí;82;41;41;0;14;13;0;2;7;0;25;21;0;0;0;0
2011;antioquia;Toledo;88;39;49;0;8;10;0;0;6;0;31;33;0;0;0;0
2011;antioquia;Turbo;2.939;1.508;1.431;0;736;720;0;448;411;0;320;300;0;4;0;0
2011;antioquia;Uramita;92;44;48;0;13;15;0;2;3;0;25;29;0;4;1;0
2011;antioquia;Urrao;429;216;213;0;96;100;0;9;9;0;111;103;0;0;1;0
2011;antioquia;Valdivia;260;136;124;0;24;22;0;50;39;0;62;62;0;0;1;0
2011;antioquia;Valparaíso;60;29;31;0;15;15;0;3;2;0;9;13;0;2;1;0
2011;antioquia;Vegachí;212;114;98;0;57;41;0;13;10;0;42;45;0;2;2;0
2011;antioquia;Venecia;118;58;60;0;17;18;0;20;22;0;20;20;0;1;0;0
2011;antioquia;Vigía del Fuerte;91;52;39;0;26;18;0;12;4;0;12;14;0;2;3;0
2011;antioquia;Yalí;86;39;47;0;17;18;0;4;4;0;18;25;0;0;0;0
2011;antioquia;Yarumal;690;335;355;0;188;203;0;59;45;0;88;107;0;0;0;0
2011;antioquia;Yolombó;227;131;96;0;39;37;0;11;10;0;81;49;0;0;0;0
2011;antioquia;Yondó;328;177;151;0;102;85;0;22;18;0;50;47;0;3;1;0
2011;antioquia;Zaragoza;511;247;264;0;142;150;0;16;18;0;85;93;0;4;3;0
2011;antioquia;Sin Información;56;24;32;0;1;0;0;0;0;0;1;0;0;22;32;0
2012;antioquia;total;77.139;39.740;37.399;0;29.351;27.684;0;2.849;2.679;0;7.538;7.033;0;2;3;0
2012;antioquia;Medellín;27.816;14.339;13.477;0;13.784;12.952;0;310;295;0;243;230;0;2;0;0
2012;antioquia;Abejorral;246;134;112;0;44;42;0;4;6;0;86;64;0;0;0;0
2012;antioquia;Abriaquí;31;20;11;0;5;7;0;2;0;0;13;4;0;0;0;0
2012;antioquia;Alejandría;56;34;22;0;20;7;0;1;0;0;13;15;0;0;0;0
2012;antioquia;Amagá;284;161;123;0;80;45;0;21;12;0;60;66;0;0;0;0
2012;antioquia;Amalfi;355;166;189;0;93;103;0;7;4;0;66;82;0;0;0;0
2012;antioquia;Andes;528;281;247;0;109;88;0;56;41;0;116;118;0;0;0;0
2012;antioquia;Ángelópolis;54;28;26;0;10;12;0;4;6;0;14;8;0;0;0;0
2012;antioquia;Angostura;142;79;63;0;22;17;0;0;0;0;57;46;0;0;0;0
2012;antioquia;Anorí;269;131;138;0;71;57;0;0;4;0;60;77;0;0;0;0
2012;antioquia;Santafé de Antioquia;317;163;154;0;85;77;0;4;0;0;74;77;0;0;0;0
2012;antioquia;Anzá;91;51;40;0;6;4;0;7;1;0;38;35;0;0;0;0
2012;antioquia;Apartadó;2.249;1.178;1.071;0;954;863;0;123;127;0;101;81;0;0;0;0
2012;antioquia;Arboletes;486;243;243;0;83;97;0;58;43;0;102;103;0;0;0;0
2012;antioquia;Argelia;125;69;56;0;29;20;0;1;1;0;39;35;0;0;0;0
2012;antioquia;Armenia;50;26;24;0;9;6;0;4;5;0;13;13;0;0;0;0
2012;antioquia;Barbosa;501;258;243;0;128;117;0;11;11;0;119;115;0;0;0;0
2012;antioquia;Belmira;83;47;36;0;12;8;0;5;0;0;30;28;0;0;0;0
2012;antioquia;Bello;4.831;2.429;2.402;0;2.356;2.334;0;17;12;0;56;56;0;0;0;0
2012;antioquia;Betania;117;66;51;0;30;19;0;0;0;0;36;32;0;0;0;0
2012;antioquia;Betulia;267;130;137;0;33;41;0;12;13;0;85;83;0;0;0;0
2012;antioquia;Ciudad Bolívar;448;239;209;0;130;111;0;15;11;0;94;87;0;0;0;0
2012;antioquia;Briceño;133;71;62;0;25;21;0;4;5;0;42;36;0;0;0;0
2012;antioquia;Buriticá;103;52;51;0;10;11;0;4;6;0;38;34;0;0;0;0
2012;antioquia;Cáceres;589;293;296;0;91;84;0;136;142;0;66;70;0;0;0;0
2012;antioquia;Caicedo;104;54;50;0;12;6;0;1;1;0;41;43;0;0;0;0
2012;antioquia;Caldas;724;358;366;0;257;265;0;18;14;0;83;87;0;0;0;0
2012;antioquia;Campamento;128;66;62;0;12;8;0;1;0;0;53;54;0;0;0;0
2012;antioquia;Cañasgordas;195;103;92;0;27;27;0;9;13;0;67;52;0;0;0;0
2012;antioquia;Caracolí;62;38;24;0;18;16;0;4;0;0;16;8;0;0;0;0
2012;antioquia;Caramanta;57;28;29;0;9;11;0;2;3;0;17;15;0;0;0;0
2012;antioquia;Carepa;959;506;453;0;365;335;0;52;40;0;89;78;0;0;0;0
2012;antioquia;El Carmen de Viboral;527;278;249;0;160;147;0;5;3;0;113;99;0;0;0;0
2012;antioquia;Carolina;28;20;8;0;16;7;0;0;0;0;4;1;0;0;0;0
2012;antioquia;Caucasia;1.764;908;856;0;761;717;0;58;43;0;89;96;0;0;0;0
2012;antioquia;Chigorodó;1.180;622;558;0;509;461;0;7;4;0;106;93;0;0;0;0
2012;antioquia;Cisneros;133;64;69;0;49;55;0;1;0;0;14;14;0;0;0;0
2012;antioquia;Cocorná;179;95;84;0;37;29;0;2;0;0;56;55;0;0;0;0
2012;antioquia;Concepción;42;21;21;0;7;6;0;0;1;0;14;14;0;0;0;0
2012;antioquia;Concordia;250;131;119;0;44;38;0;6;3;0;81;78;0;0;0;0
2012;antioquia;Copacabana;666;342;324;0;267;255;0;9;4;0;66;65;0;0;0;0
2012;antioquia;Dabeiba;294;154;140;0;65;66;0;8;5;0;81;69;0;0;0;0
2012;antioquia;Don Matías;237;125;112;0;94;75;0;3;3;0;28;34;0;0;0;0
2012;antioquia;Ebéjico;124;62;62;0;13;9;0;6;7;0;43;46;0;0;0;0
2012;antioquia;El Bagre;1.174;573;601;0;320;331;0;132;141;0;121;129;0;0;0;0
2012;antioquia;Entrerrios;99;47;52;0;17;24;0;2;2;0;28;26;0;0;0;0
2012;antioquia;Envigado;1.516;748;768;0;721;747;0;6;5;0;21;16;0;0;0;0
2012;antioquia;Fredonia;159;82;77;0;32;37;0;13;10;0;37;30;0;0;0;0
2012;antioquia;Frontino;296;158;138;0;43;44;0;20;21;0;95;73;0;0;0;0
2012;antioquia;Giraldo;58;32;26;0;11;5;0;3;4;0;18;17;0;0;0;0
2012;antioquia;Girardota;424;224;200;0;111;123;0;3;2;0;110;75;0;0;0;0
2012;antioquia;Gómez Plata;74;38;36;0;18;18;0;6;5;0;14;13;0;0;0;0
2012;antioquia;Granada;114;63;51;0;26;26;0;1;2;0;36;23;0;0;0;0
2012;antioquia;Guadalupe;63;26;37;0;11;13;0;0;3;0;15;21;0;0;0;0
2012;antioquia;Guarne;466;248;218;0;106;92;0;2;1;0;140;125;0;0;0;0
2012;antioquia;Guatapé;53;26;27;0;16;18;0;0;0;0;10;9;0;0;0;0
2012;antioquia;Heliconia;52;30;22;0;15;12;0;7;4;0;8;6;0;0;0;0
2012;antioquia;Hispania;51;27;24;0;14;17;0;1;1;0;12;6;0;0;0;0
2012;antioquia;Itagüí;2.495;1.298;1.197;0;1.215;1.098;0;38;39;0;45;60;0;0;0;0
2012;antioquia;Ituango;374;197;177;0;60;45;0;24;23;0;113;109;0;0;0;0
2012;antioquia;Jardín;174;91;83;0;43;40;0;5;10;0;43;33;0;0;0;0
2012;antioquia;Jericó;124;56;68;0;26;37;0;0;3;0;30;28;0;0;0;0
2012;antioquia;La Ceja;657;325;332;0;249;246;0;4;4;0;72;82;0;0;0;0
2012;antioquia;La Estrella;540;284;256;0;225;214;0;28;24;0;31;18;0;0;0;0
2012;antioquia;La Pintada;104;48;56;0;37;43;0;1;0;0;10;13;0;0;0;0
2012;antioquia;La Unión;239;114;125;0;48;71;0;6;0;0;60;54;0;0;0;0
2012;antioquia;Liborina;103;56;47;0;14;18;0;9;6;0;33;23;0;0;0;0
2012;antioquia;Maceo;110;56;54;0;25;18;0;4;6;0;27;30;0;0;0;0
2012;antioquia;Marinilla;646;351;295;0;236;191;0;6;6;0;109;98;0;0;0;0
2012;antioquia;Montebello;89;52;37;0;12;9;0;2;4;0;38;24;0;0;0;0
2012;antioquia;Murindó;53;27;26;0;7;10;0;4;4;0;16;12;0;0;0;0
2012;antioquia;Mutatá;480;236;244;0;54;55;0;117;126;0;65;63;0;0;0;0
2012;antioquia;Nariño;152;77;75;0;23;18;0;8;4;0;46;53;0;0;0;0
2012;antioquia;Necoclí;1.005;490;515;0;109;101;0;155;174;0;226;240;0;0;0;0
2012;antioquia;Nechí;514;292;222;0;160;110;0;23;17;0;109;95;0;0;0;0
2012;antioquia;Olaya;24;8;16;0;2;0;0;1;3;0;5;13;0;0;0;0
2012;antioquia;Peñol;228;122;106;0;64;57;0;3;2;0;55;47;0;0;0;0
2012;antioquia;Peque;112;61;51;0;19;16;0;5;7;0;37;28;0;0;0;0
2012;antioquia;Pueblorrico;101;51;50;0;22;19;0;0;1;0;29;30;0;0;0;0
2012;antioquia;Puerto Berrío;765;394;371;0;310;289;0;7;9;0;77;73;0;0;0;0
2012;antioquia;Puerto Nare;122;63;59;0;37;28;0;12;16;0;14;15;0;0;0;0
2012;antioquia;Puerto Triunfo;207;105;102;0;44;36;0;47;39;0;14;27;0;0;0;0
2012;antioquia;Remedios;386;190;196;0;98;112;0;49;34;0;43;50;0;0;0;0
2012;antioquia;Retiro;166;74;92;0;37;45;0;0;1;0;37;46;0;0;0;0
2012;antioquia;Rionegro;1.339;697;642;0;449;400;0;4;9;0;244;233;0;0;0;0
2012;antioquia;Sabanalarga;142;80;62;0;23;19;0;5;2;0;52;41;0;0;0;0
2012;antioquia;Sabaneta;464;243;221;0;231;208;0;3;3;0;9;10;0;0;0;0
2012;antioquia;Salgar;239;128;111;0;40;33;0;13;3;0;75;75;0;0;0;0
2012;antioquia;San Andrés de Cuerquía;111;56;55;0;18;17;0;1;3;0;37;35;0;0;0;0
2012;antioquia;San Carlos;192;95;97;0;44;45;0;8;8;0;43;44;0;0;0;0
2012;antioquia;San Francisco;75;35;40;0;17;20;0;2;2;0;16;18;0;0;0;0
2012;antioquia;San Jerónimo;136;72;64;0;31;23;0;3;1;0;38;40;0;0;0;0
2012;antioquia;San José de La Montaña;48;22;26;0;11;13;0;1;0;0;10;13;0;0;0;0
2012;antioquia;San Juan de Urabá;471;263;208;0;69;63;0;44;27;0;150;118;0;0;0;0
2012;antioquia;San Luis;213;103;110;0;50;44;0;8;17;0;45;49;0;0;0;0
2012;antioquia;San Pedro de Los Milagros;310;155;155;0;70;61;0;8;8;0;77;85;0;0;1;0
2012;antioquia;San Pedro de Urabá;654;323;331;0;118;143;0;24;24;0;181;164;0;0;0;0
2012;antioquia;San Rafael;170;101;69;0;42;33;0;1;0;0;58;36;0;0;0;0
2012;antioquia;San Roque;263;128;135;0;50;48;0;20;30;0;58;57;0;0;0;0
2012;antioquia;San Vicente;194;113;81;0;28;21;0;2;1;0;83;59;0;0;0;0
2012;antioquia;Santa Bárbara;262;144;118;0;65;52;0;12;11;0;67;55;0;0;0;0
2012;antioquia;Santa Rosa de Osos;496;249;247;0;121;117;0;17;14;0;111;116;0;0;0;0
2012;antioquia;Santo Domingo;100;58;42;0;19;18;0;8;6;0;31;18;0;0;0;0
2012;antioquia;El Santuario;463;219;244;0;139;158;0;1;2;0;79;84;0;0;0;0
2012;antioquia;Segovia;696;352;344;0;275;255;0;21;15;0;56;73;0;0;1;0
2012;antioquia;Sonsón;465;236;229;0;101;106;0;30;39;0;105;84;0;0;0;0
2012;antioquia;Sopetrán;150;67;83;0;20;31;0;2;5;0;45;47;0;0;0;0
2012;antioquia;Támesis;137;72;65;0;27;21;0;10;13;0;35;31;0;0;0;0
2012;antioquia;Tarazá;690;347;343;0;204;193;0;96;106;0;47;44;0;0;0;0
2012;antioquia;Tarso;72;38;34;0;27;18;0;2;1;0;9;15;0;0;0;0
2012;antioquia;Titiribí;85;44;41;0;18;21;0;6;3;0;20;17;0;0;0;0
2012;antioquia;Toledo;97;57;40;0;11;12;0;3;1;0;43;27;0;0;0;0
2012;antioquia;Turbo;2.986;1.567;1.419;0;690;650;0;576;519;0;301;250;0;0;0;0
2012;antioquia;Uramita;105;51;54;0;13;14;0;1;0;0;37;40;0;0;0;0
2012;antioquia;Urrao;385;215;170;0;88;81;0;11;6;0;116;83;0;0;0;0
2012;antioquia;Valdivia;210;101;109;0;25;37;0;27;28;0;49;44;0;0;0;0
2012;antioquia;Valparaíso;51;25;26;0;11;12;0;0;0;0;14;13;0;0;1;0
2012;antioquia;Vegachí;202;113;89;0;61;47;0;4;9;0;48;33;0;0;0;0
2012;antioquia;Venecia;113;60;53;0;15;17;0;18;18;0;27;18;0;0;0;0
2012;antioquia;Vigía del Fuerte;117;65;52;0;23;21;0;21;14;0;21;17;0;0;0;0
2012;antioquia;Yalí;76;36;40;0;15;23;0;1;2;0;20;15;0;0;0;0
2012;antioquia;Yarumal;701;360;341;0;211;201;0;35;27;0;114;113;0;0;0;0
2012;antioquia;Yolombó;215;102;113;0;39;42;0;13;18;0;50;53;0;0;0;0
2012;antioquia;Yondó;280;145;135;0;88;79;0;13;10;0;44;46;0;0;0;0
2012;antioquia;Zaragoza;571;300;271;0;176;158;0;22;22;0;102;91;0;0;0;0
2012;antioquia;Sin Información;0;0;0;0;0;0;0;0;0;0;0;0;0;0;0;0
2013;antioquia;total;74.757;38.380;36.377;0;28.991;27.390;0;2.491;2.502;0;6.898;6.485;0;0;0;0
2013;antioquia;Medellín;27.565;14.113;13.452;0;13.621;12.953;0;261;275;0;231;224;0;0;0;0
2013;antioquia;Abejorral;229;126;103;0;54;49;0;3;1;0;69;53;0;0;0;0
2013;antioquia;Abriaquí;22;13;9;0;9;4;0;0;1;0;4;4;0;0;0;0
2013;antioquia;Alejandría;53;28;25;0;17;14;0;0;0;0;11;11;0;0;0;0
2013;antioquia;Amagá;259;129;130;0;62;67;0;10;8;0;57;55;0;0;0;0
2013;antioquia;Amalfi;337;152;185;0;86;101;0;3;4;0;63;80;0;0;0;0
2013;antioquia;Andes;544;291;253;0;115;89;0;46;50;0;130;114;0;0;0;0
2013;antioquia;Ángelópolis;47;30;17;0;11;7;0;3;2;0;16;8;0;0;0;0
2013;antioquia;Angostura;139;71;68;0;19;11;0;1;0;0;51;57;0;0;0;0
2013;antioquia;Anorí;237;124;113;0;55;52;0;0;4;0;69;57;0;0;0;0
2013;antioquia;Santafé de Antioquia;290;154;136;0;85;72;0;2;3;0;67;61;0;0;0;0
2013;antioquia;Anzá;95;44;51;0;6;9;0;4;8;0;34;34;0;0;0;0
2013;antioquia;Apartadó;2.110;1.071;1.039;0;877;845;0;102;108;0;92;86;0;0;0;0
2013;antioquia;Arboletes;467;245;222;0;119;92;0;26;31;0;100;99;0;0;0;0
2013;antioquia;Argelia;120;68;52;0;24;17;0;0;1;0;44;34;0;0;0;0
2013;antioquia;Armenia;36;18;18;0;8;7;0;3;4;0;7;7;0;0;0;0
2013;antioquia;Barbosa;432;209;223;0;97;96;0;17;13;0;95;114;0;0;0;0
2013;antioquia;Belmira;71;33;38;0;9;16;0;3;0;0;21;22;0;0;0;0
2013;antioquia;Bello;4.883;2.520;2.363;0;2.444;2.278;0;18;19;0;58;66;0;0;0;0
2013;antioquia;Betania;99;42;57;0;15;25;0;0;1;0;27;31;0;0;0;0
2013;antioquia;Betulia;238;111;127;0;31;33;0;12;18;0;68;76;0;0;0;0
2013;antioquia;Ciudad Bolívar;397;195;202;0;123;116;0;8;8;0;64;78;0;0;0;0
2013;antioquia;Briceño;127;60;67;0;13;31;0;2;1;0;45;35;0;0;0;0
2013;antioquia;Buriticá;107;64;43;0;17;8;0;7;6;0;40;29;0;0;0;0
2013;antioquia;Cáceres;567;309;258;0;104;95;0;135;121;0;70;42;0;0;0;0
2013;antioquia;Caicedo;84;37;47;0;9;16;0;1;1;0;27;30;0;0;0;0
2013;antioquia;Caldas;742;393;349;0;278;253;0;33;26;0;82;70;0;0;0;0
2013;antioquia;Campamento;115;52;63;0;11;19;0;0;0;0;41;44;0;0;0;0
2013;antioquia;Cañasgordas;182;95;87;0;22;28;0;14;12;0;59;47;0;0;0;0
2013;antioquia;Caracolí;54;38;16;0;20;10;0;1;1;0;17;5;0;0;0;0
2013;antioquia;Caramanta;33;20;13;0;7;6;0;2;0;0;11;7;0;0;0;0
2013;antioquia;Carepa;844;463;381;0;324;257;0;55;43;0;84;81;0;0;0;0
2013;antioquia;El Carmen de Viboral;593;300;293;0;155;155;0;6;6;0;139;132;0;0;0;0
2013;antioquia;Carolina;23;15;8;0;9;7;0;0;0;0;6;1;0;0;0;0
2013;antioquia;Caucasia;2.003;1.030;973;0;888;857;0;64;48;0;78;68;0;0;0;0
2013;antioquia;Chigorodó;1.148;592;556;0;482;454;0;11;9;0;99;93;0;0;0;0
2013;antioquia;Cisneros;88;51;37;0;37;32;0;0;0;0;14;5;0;0;0;0
2013;antioquia;Cocorná;192;96;96;0;37;33;0;3;2;0;56;61;0;0;0;0
2013;antioquia;Concepción;44;23;21;0;12;7;0;3;1;0;8;13;0;0;0;0
2013;antioquia;Concordia;201;107;94;0;43;31;0;5;4;0;59;59;0;0;0;0
2013;antioquia;Copacabana;666;352;314;0;273;247;0;4;2;0;75;65;0;0;0;0
2013;antioquia;Dabeiba;263;139;124;0;55;64;0;6;10;0;78;50;0;0;0;0
2013;antioquia;Don Matías;237;132;105;0;85;64;0;2;2;0;45;39;0;0;0;0
2013;antioquia;Ebéjico;104;56;48;0;8;9;0;6;9;0;42;30;0;0;0;0
2013;antioquia;El Bagre;1.164;613;551;0;391;310;0;120;131;0;102;110;0;0;0;0
2013;antioquia;Entrerrios;106;52;54;0;23;23;0;2;0;0;27;31;0;0;0;0
2013;antioquia;Envigado;1.503;774;729;0;758;714;0;5;3;0;11;12;0;0;0;0
2013;antioquia;Fredonia;157;69;88;0;31;40;0;8;10;0;30;38;0;0;0;0
2013;antioquia;Frontino;275;139;136;0;50;51;0;12;10;0;77;75;0;0;0;0
2013;antioquia;Giraldo;59;28;31;0;9;9;0;3;4;0;16;18;0;0;0;0
2013;antioquia;Girardota;437;226;211;0;116;103;0;1;2;0;109;106;0;0;0;0
2013;antioquia;Gómez Plata;90;45;45;0;27;19;0;3;4;0;15;22;0;0;0;0
2013;antioquia;Granada;116;61;55;0;24;22;0;2;1;0;35;32;0;0;0;0
2013;antioquia;Guadalupe;51;25;26;0;12;12;0;0;0;0;13;14;0;0;0;0
2013;antioquia;Guarne;409;212;197;0;83;75;0;1;0;0;128;122;0;0;0;0
2013;antioquia;Guatapé;58;32;26;0;23;21;0;1;0;0;8;5;0;0;0;0
2013;antioquia;Heliconia;66;34;32;0;12;12;0;6;4;0;16;16;0;0;0;0
2013;antioquia;Hispania;49;25;24;0;11;16;0;2;2;0;12;6;0;0;0;0
2013;antioquia;Itagüí;2.431;1.272;1.159;0;1.171;1.066;0;46;36;0;55;57;0;0;0;0
2013;antioquia;Ituango;317;154;163;0;48;61;0;28;18;0;78;84;0;0;0;0
2013;antioquia;Jardín;165;86;79;0;37;38;0;9;3;0;40;38;0;0;0;0
2013;antioquia;Jericó;116;54;62;0;33;27;0;1;3;0;20;32;0;0;0;0
2013;antioquia;La Ceja;697;382;315;0;296;258;0;3;6;0;83;51;0;0;0;0
2013;antioquia;La Estrella;525;268;257;0;223;209;0;19;30;0;26;18;0;0;0;0
2013;antioquia;La Pintada;83;49;34;0;39;28;0;1;0;0;9;6;0;0;0;0
2013;antioquia;La Unión;242;133;109;0;68;66;0;4;0;0;61;43;0;0;0;0
2013;antioquia;Liborina;96;52;44;0;8;10;0;13;8;0;31;26;0;0;0;0
2013;antioquia;Maceo;117;65;52;0;35;24;0;5;10;0;25;18;0;0;0;0
2013;antioquia;Marinilla;646;316;330;0;208;220;0;7;12;0;101;98;0;0;0;0
2013;antioquia;Montebello;62;35;27;0;6;7;0;3;0;0;26;20;0;0;0;0
2013;antioquia;Murindó;62;31;31;0;11;10;0;4;8;0;16;13;0;0;0;0
2013;antioquia;Mutatá;514;266;248;0;55;57;0;137;126;0;74;65;0;0;0;0
2013;antioquia;Nariño;121;77;44;0;29;15;0;4;1;0;44;28;0;0;0;0
2013;antioquia;Necoclí;857;444;413;0;114;103;0;130;130;0;200;180;0;0;0;0
2013;antioquia;Nechí;396;190;206;0;108;115;0;20;21;0;62;70;0;0;0;0
2013;antioquia;Olaya;21;11;10;0;4;0;0;1;3;0;6;7;0;0;0;0
2013;antioquia;Peñol;237;116;121;0;66;66;0;2;2;0;48;53;0;0;0;0
2013;antioquia;Peque;97;56;41;0;18;15;0;5;4;0;33;22;0;0;0;0
2013;antioquia;Pueblorrico;86;47;39;0;20;11;0;1;1;0;26;27;0;0;0;0
2013;antioquia;Puerto Berrío;589;310;279;0;263;228;0;20;21;0;27;30;0;0;0;0
2013;antioquia;Puerto Nare;117;67;50;0;36;19;0;21;17;0;10;14;0;0;0;0
2013;antioquia;Puerto Triunfo;210;93;117;0;27;33;0;44;58;0;22;26;0;0;0;0
2013;antioquia;Remedios;363;181;182;0;114;113;0;24;24;0;43;45;0;0;0;0
2013;antioquia;Retiro;163;66;97;0;36;57;0;0;1;0;30;39;0;0;0;0
2013;antioquia;Rionegro;1.343;648;695;0;421;456;0;8;7;0;219;232;0;0;0;0
2013;antioquia;Sabanalarga;127;65;62;0;20;17;0;3;3;0;42;42;0;0;0;0
2013;antioquia;Sabaneta;524;264;260;0;249;236;0;7;11;0;8;13;0;0;0;0
2013;antioquia;Salgar;227;119;108;0;38;38;0;14;13;0;67;57;0;0;0;0
2013;antioquia;San Andrés de Cuerquía;108;51;57;0;28;19;0;1;0;0;22;38;0;0;0;0
2013;antioquia;San Carlos;178;85;93;0;34;43;0;11;4;0;40;46;0;0;0;0
2013;antioquia;San Francisco;81;45;36;0;20;11;0;6;5;0;19;20;0;0;0;0
2013;antioquia;San Jerónimo;136;71;65;0;24;13;0;7;4;0;40;48;0;0;0;0
2013;antioquia;San José de La Montaña;52;21;31;0;14;12;0;1;1;0;6;18;0;0;0;0
2013;antioquia;San Juan de Urabá;362;190;172;0;69;53;0;20;22;0;101;97;0;0;0;0
2013;antioquia;San Luis;214;111;103;0;50;44;0;10;5;0;51;54;0;0;0;0
2013;antioquia;San Pedro de Los Milagros;323;176;147;0;80;66;0;6;4;0;90;77;0;0;0;0
2013;antioquia;San Pedro de Urabá;578;299;279;0;122;119;0;20;14;0;157;146;0;0;0;0
2013;antioquia;San Rafael;154;77;77;0;25;43;0;0;0;0;52;34;0;0;0;0
2013;antioquia;San Roque;239;120;119;0;47;39;0;22;22;0;51;58;0;0;0;0
2013;antioquia;San Vicente;200;90;110;0;30;32;0;1;2;0;59;76;0;0;0;0
2013;antioquia;Santa Bárbara;233;128;105;0;46;48;0;16;11;0;66;46;0;0;0;0
2013;antioquia;Santa Rosa de Osos;475;237;238;0;115;118;0;6;19;0;116;101;0;0;0;0
2013;antioquia;Santo Domingo;89;52;37;0;20;14;0;5;6;0;27;17;0;0;0;0
2013;antioquia;El Santuario;433;229;204;0;142;142;0;7;5;0;80;57;0;0;0;0
2013;antioquia;Segovia;561;287;274;0;224;211;0;5;5;0;58;58;0;0;0;0
2013;antioquia;Sonsón;446;235;211;0;93;90;0;38;40;0;104;81;0;0;0;0
2013;antioquia;Sopetrán;148;64;84;0;24;33;0;4;1;0;36;50;0;0;0;0
2013;antioquia;Támesis;154;89;65;0;30;28;0;9;10;0;50;27;0;0;0;0
2013;antioquia;Tarazá;581;309;272;0;188;152;0;73;74;0;48;46;0;0;0;0
2013;antioquia;Tarso;64;34;30;0;21;19;0;0;0;0;13;11;0;0;0;0
2013;antioquia;Titiribí;107;59;48;0;19;17;0;10;10;0;30;21;0;0;0;0
2013;antioquia;Toledo;79;44;35;0;11;9;0;2;4;0;31;22;0;0;0;0
2013;antioquia;Turbo;2.690;1.325;1.365;0;600;623;0;446;475;0;279;267;0;0;0;0
2013;antioquia;Uramita;98;56;42;0;10;11;0;1;2;0;45;29;0;0;0;0
2013;antioquia;Urrao;411;206;205;0;88;96;0;2;10;0;116;99;0;0;0;0
2013;antioquia;Valdivia;193;99;94;0;27;29;0;22;19;0;50;46;0;0;0;0
2013;antioquia;Valparaíso;56;26;30;0;10;11;0;0;1;0;16;18;0;0;0;0
2013;antioquia;Vegachí;162;84;78;0;48;38;0;4;6;0;32;34;0;0;0;0
2013;antioquia;Venecia;70;36;34;0;11;7;0;9;12;0;16;15;0;0;0;0
2013;antioquia;Vigía del Fuerte;77;43;34;0;31;21;0;5;10;0;7;3;0;0;0;0
2013;antioquia;Yalí;73;37;36;0;16;15;0;0;0;0;21;21;0;0;0;0
2013;antioquia;Yarumal;697;354;343;0;217;200;0;42;42;0;95;101;0;0;0;0
2013;antioquia;Yolombó;238;124;114;0;43;46;0;15;4;0;66;64;0;0;0;0
2013;antioquia;Yondó;283;143;140;0;89;96;0;23;18;0;31;26;0;0;0;0
2013;antioquia;Zaragoza;536;281;255;0;178;156;0;10;24;0;93;75;0;0;0;0
2013;antioquia;Sin Información;0;0;0;0;0;0;0;0;0;0;0;0;0;0;0;0
2009;choco;total;5517;2814;2703;0;2185;2067;0;281;271;0;157;147;0;191;218;0
2009;choco;QUIBDÓ;2757;1403;1354;0;1317;1253;0;18;28;0;15;18;0;53;55;0
2009;choco;ACANDÍ;167;82;85;0;63;59;0;9;11;0;4;5;0;6;10;0
2009;choco;ALTO BAUDÓ;48;26;22;0;14;9;0;1;1;0;6;4;0;5;8;0
2009;choco;ATRATO;72;33;39;0;14;19;0;17;16;0;2;1;0;0;3;0
2009;choco;BAGADÓ;34;21;13;0;14;10;0;3;1;0;3;0;0;1;2;0
2009;choco;BAHÍA SOLANO;119;62;57;0;46;47;0;10;8;0;2;1;0;4;1;0
2009;choco;BAJO BAUDÓ;57;34;23;0;23;18;0;2;0;0;5;2;0;4;3;0
2009;choco;BOJAYÁ;40;22;18;0;10;9;0;4;5;0;4;2;0;4;2;0
2009;choco;EL CANTÓN DEL SAN PABLO;30;14;16;0;9;10;0;2;1;0;2;0;0;1;5;0
2009;choco;CARMEN DEL DARIÉN;41;24;17;0;9;11;0;11;3;0;3;2;0;1;1;0
2009;choco;CÉRTEGUI;59;24;35;0;22;29;0;0;5;0;0;0;0;2;1;0
2009;choco;CONDOTO;185;104;81;0;92;67;0;8;9;0;2;1;0;2;4;0
2009;choco;EL CARMEN DE ATRATO;74;36;38;0;18;20;0;3;4;0;11;14;0;4;0;0
2009;choco;EL LITORAL DEL SAN JUAN;26;11;15;0;8;7;0;2;2;0;0;5;0;1;1;0
2009;choco;ISTMINA;402;207;195;0;173;149;0;9;12;0;12;15;0;13;19;0
2009;choco;JURADÓ;32;17;15;0;14;12;0;0;0;0;1;1;0;2;2;0
2009;choco;LLORÓ;88;40;48;0;15;23;0;9;13;0;9;7;0;7;5;0
2009;choco;MEDIO ATRATO;26;11;15;0;6;7;0;1;5;0;3;0;0;1;3;0
2009;choco;MEDIO BAUDÓ;23;15;8;0;4;4;0;8;2;0;2;0;0;1;2;0
2009;choco;MEDIO SAN JUAN;148;82;66;0;23;21;0;43;32;0;6;7;0;10;6;0
2009;choco;NÓVITA;48;21;27;0;16;16;0;1;5;0;4;2;0;0;4;0
2009;choco;NUQUÍ;58;26;32;0;10;23;0;12;5;0;3;1;0;1;3;0
2009;choco;RÍO IRÓ;30;14;16;0;3;10;0;2;2;0;4;1;0;5;3;0
2009;choco;RÍO QUITO;62;29;33;0;8;15;0;15;13;0;2;1;0;4;4;0
2009;choco;RIOSUCIO;241;130;111;0;80;68;0;27;19;0;16;15;0;7;9;0
2009;choco;SAN JOSÉ DEL PALMAR;108;51;57;0;18;12;0;12;16;0;17;23;0;4;6;0
2009;choco;SIPÍ;39;21;18;0;9;5;0;8;6;0;0;1;0;4;6;0
2009;choco;TADÓ;231;124;107;0;91;78;0;19;15;0;8;7;0;6;7;0
2009;choco;UNGUÍA;123;60;63;0;32;29;0;18;19;0;8;11;0;2;4;0
2009;choco;UNIÓN PANAMERICANA;86;39;47;0;24;27;0;7;13;0;3;0;0;5;7;0
2009;choco;SIN INFORMACIÓN;63;31;32;0;0;0;0;0;0;0;0;0;0;31;32;0
2010;choco;total;5597;2918;2679;0;2251;2049;0;282;275;0;232;225;0;153;130;0
2010;choco;Quibdó;2656;1428;1228;0;1356;1149;0;21;17;0;17;23;0;34;39;0
2010;choco;Acandí;150;72;78;0;50;48;0;6;14;0;14;15;0;2;1;0
2010;choco;Alto Baudó;49;22;27;0;10;14;0;1;7;0;8;4;0;3;2;0
2010;choco;Atrato;61;30;31;0;20;20;0;9;6;0;1;3;0;0;2;0
2010;choco;Bagadó;43;22;21;0;16;17;0;1;1;0;5;2;0;0;1;0
2010;choco;Bahía Solano;101;53;48;0;38;38;0;9;8;0;3;1;0;3;1;0
2010;choco;Bajo Baudó;92;50;42;0;29;20;0;4;6;0;9;13;0;8;3;0
2010;choco;Bojayá;45;29;16;0;16;7;0;5;3;0;6;6;0;2;0;0
2010;choco;El Cantón del San Pablo;51;32;19;0;20;15;0;8;2;0;1;2;0;3;0;0
2010;choco;Carmen del Darién;60;27;33;0;9;17;0;14;11;0;4;4;0;0;1;0
2010;choco;Cértegui;49;24;25;0;22;22;0;2;1;0;0;0;0;0;2;0
2010;choco;Condoto;165;86;79;0;77;64;0;3;4;0;1;7;0;5;4;0
2010;choco;El Carmen de Atrato;73;42;31;0;12;16;0;3;3;0;19;11;0;8;1;0
2010;choco;El Litoral del San Juan;17;10;7;0;2;3;0;2;1;0;4;2;0;2;1;0
2010;choco;Istmina;410;201;209;0;169;190;0;8;3;0;8;10;0;16;6;0
2010;choco;Juradó;61;33;28;0;15;13;0;0;0;0;13;11;0;5;4;0
2010;choco;Lloró;99;44;55;0;24;38;0;8;11;0;6;5;0;6;1;0
2010;choco;Medio Atrato;43;20;23;0;9;7;0;7;3;0;2;9;0;2;4;0
2010;choco;Medio Baudó;56;24;32;0;7;15;0;9;5;0;4;7;0;4;5;0
2010;choco;Medio San Juan;119;76;43;0;24;11;0;35;24;0;10;6;0;7;2;0
2010;choco;Nóvita;49;24;25;0;18;20;0;2;2;0;2;2;0;2;1;0
2010;choco;Nuquí;65;36;29;0;11;18;0;14;5;0;9;2;0;2;4;0
2010;choco;Río Iró;30;9;21;0;5;16;0;2;1;0;2;2;0;0;2;0
2010;choco;Río Quito;89;47;42;0;18;21;0;19;12;0;7;7;0;3;2;0
2010;choco;Riosucio;329;170;159;0;105;88;0;28;43;0;33;22;0;4;6;0
2010;choco;San José del Palmar;109;48;61;0;17;16;0;12;12;0;18;32;0;1;1;0
2010;choco;Sipí;62;31;31;0;9;7;0;10;17;0;4;2;0;8;5;0
2010;choco;Tadó;234;107;127;0;79;89;0;18;21;0;8;7;0;2;10;0
2010;choco;Unguía;135;73;62;0;41;32;0;17;20;0;12;6;0;3;4;0
2010;choco;Unión Panamericana;62;30;32;0;23;18;0;5;12;0;2;2;0;0;0;0
2010;choco;Sin Información;33;18;15;0;0;0;0;0;0;0;0;0;0;18;15;0
2011;choco;total;5517;2.814;2.703;0;2.185;2.067;0;281;271;0;157;147;0;191;218;0
2011;choco;QUIBDÓ;2757;1.403;1.354;0;1.317;1.253;0;18;28;0;15;18;0;53;55;0
2011;choco;ACANDÍ;167;82;85;0;63;59;0;9;11;0;4;5;0;6;10;0
2011;choco;ALTO BAUDÓ;48;26;22;0;14;9;0;1;1;0;6;4;0;5;8;0
2011;choco;ATRATO;72;33;39;0;14;19;0;17;16;0;2;1;0;0;3;0
2011;choco;BAGADÓ;34;21;13;0;14;10;0;3;1;0;3;0;0;1;2;0
2011;choco;BAHÍA SOLANO;119;62;57;0;46;47;0;10;8;0;2;1;0;4;1;0
2011;choco;BAJO BAUDÓ;57;34;23;0;23;18;0;2;0;0;5;2;0;4;3;0
2011;choco;BOJAYÁ;40;22;18;0;10;9;0;4;5;0;4;2;0;4;2;0
2011;choco;EL CANTÓN DEL SAN PABLO;30;14;16;0;9;10;0;2;1;0;2;0;0;1;5;0
2011;choco;CARMEN DEL DARIÉN;41;24;17;0;9;11;0;11;3;0;3;2;0;1;1;0
2011;choco;CÉRTEGUI;59;24;35;0;22;29;0;0;5;0;0;0;0;2;1;0
2011;choco;CONDOTO;185;104;81;0;92;67;0;8;9;0;2;1;0;2;4;0
2011;choco;EL CARMEN DE ATRATO;74;36;38;0;18;20;0;3;4;0;11;14;0;4;0;0
2011;choco;EL LITORAL DEL SAN JUAN;26;11;15;0;8;7;0;2;2;0;0;5;0;1;1;0
2011;choco;ISTMINA;402;207;195;0;173;149;0;9;12;0;12;15;0;13;19;0
2011;choco;JURADÓ;32;17;15;0;14;12;0;0;0;0;1;1;0;2;2;0
2011;choco;LLORÓ;88;40;48;0;15;23;0;9;13;0;9;7;0;7;5;0
2011;choco;MEDIO ATRATO;26;11;15;0;6;7;0;1;5;0;3;0;0;1;3;0
2011;choco;MEDIO BAUDÓ;23;15;8;0;4;4;0;8;2;0;2;0;0;1;2;0
2011;choco;MEDIO SAN JUAN;148;82;66;0;23;21;0;43;32;0;6;7;0;10;6;0
2011;choco;NÓVITA;48;21;27;0;16;16;0;1;5;0;4;2;0;0;4;0
2011;choco;NUQUÍ;58;26;32;0;10;23;0;12;5;0;3;1;0;1;3;0
2011;choco;RÍO IRÓ;30;14;16;0;3;10;0;2;2;0;4;1;0;5;3;0
2011;choco;RÍO QUITO;62;29;33;0;8;15;0;15;13;0;2;1;0;4;4;0
2011;choco;RIOSUCIO;241;130;111;0;80;68;0;27;19;0;16;15;0;7;9;0
2011;choco;SAN JOSÉ DEL PALMAR;108;51;57;0;18;12;0;12;16;0;17;23;0;4;6;0
2011;choco;SIPÍ;39;21;18;0;9;5;0;8;6;0;0;1;0;4;6;0
2011;choco;TADÓ;231;124;107;0;91;78;0;19;15;0;8;7;0;6;7;0
2011;choco;UNGUÍA;123;60;63;0;32;29;0;18;19;0;8;11;0;2;4;0
2011;choco;UNIÓN PANAMERICANA;86;39;47;0;24;27;0;7;13;0;3;0;0;5;7;0
2011;choco;SIN INFORMACIÓN;63;31;32;0;0;0;0;0;0;0;0;0;0;31;32;0
2012;choco;total;5.517;2.814;2.703;0;2.185;2.067;0;281;271;0;157;147;0;191;218;0
2013;choco;QUIBDÓ;2.757;1.403;1.354;0;1.317;1.253;0;18;28;0;15;18;0;53;55;0
2013;choco;ACANDÍ;167;82;85;0;63;59;0;9;11;0;4;5;0;6;10;0
2013;choco;ALTO BAUDÓ;48;26;22;0;14;9;0;1;1;0;6;4;0;5;8;0
2013;choco;ATRATO;72;33;39;0;14;19;0;17;16;0;2;1;0;0;3;0
2013;choco;BAGADÓ;34;21;13;0;14;10;0;3;1;0;3;0;0;1;2;0
2013;choco;BAHÍA SOLANO;119;62;57;0;46;47;0;10;8;0;2;1;0;4;1;0
2013;choco;BAJO BAUDÓ;57;34;23;0;23;18;0;2;0;0;5;2;0;4;3;0
2013;choco;BOJAYÁ;40;22;18;0;10;9;0;4;5;0;4;2;0;4;2;0
2013;choco;EL CANTÓN DEL SAN PABLO;30;14;16;0;9;10;0;2;1;0;2;0;0;1;5;0
2013;choco;CARMEN DEL DARIÉN;41;24;17;0;9;11;0;11;3;0;3;2;0;1;1;0
2013;choco;CÉRTEGUI;59;24;35;0;22;29;0;0;5;0;0;0;0;2;1;0
2013;choco;CONDOTO;185;104;81;0;92;67;0;8;9;0;2;1;0;2;4;0
2013;choco;EL CARMEN DE ATRATO;74;36;38;0;18;20;0;3;4;0;11;14;0;4;0;0
2013;choco;EL LITORAL DEL SAN JUAN;26;11;15;0;8;7;0;2;2;0;0;5;0;1;1;0
2013;choco;ISTMINA;402;207;195;0;173;149;0;9;12;0;12;15;0;13;19;0
2013;choco;JURADÓ;32;17;15;0;14;12;0;0;0;0;1;1;0;2;2;0
2013;choco;LLORÓ;88;40;48;0;15;23;0;9;13;0;9;7;0;7;5;0
2013;choco;MEDIO ATRATO;26;11;15;0;6;7;0;1;5;0;3;0;0;1;3;0
2013;choco;MEDIO BAUDÓ;23;15;8;0;4;4;0;8;2;0;2;0;0;1;2;0
2013;choco;MEDIO SAN JUAN;148;82;66;0;23;21;0;43;32;0;6;7;0;10;6;0
2013;choco;NÓVITA;48;21;27;0;16;16;0;1;5;0;4;2;0;0;4;0
2013;choco;NUQUÍ;58;26;32;0;10;23;0;12;5;0;3;1;0;1;3;0
2013;choco;RÍO IRÓ;30;14;16;0;3;10;0;2;2;0;4;1;0;5;3;0
2013;choco;RÍO QUITO;62;29;33;0;8;15;0;15;13;0;2;1;0;4;4;0
2013;choco;RIOSUCIO;241;130;111;0;80;68;0;27;19;0;16;15;0;7;9;0
2013;choco;SAN JOSÉ DEL PALMAR;108;51;57;0;18;12;0;12;16;0;17;23;0;4;6;0
2013;choco;SIPÍ;39;21;18;0;9;5;0;8;6;0;0;1;0;4;6;0
2013;choco;TADÓ;231;124;107;0;91;78;0;19;15;0;8;7;0;6;7;0
2013;choco;UNGUÍA;123;60;63;0;32;29;0;18;19;0;8;11;0;2;4;0
2013;choco;UNIÓN PANAMERICANA;86;39;47;0;24;27;0;7;13;0;3;0;0;5;7;0
2013;choco;SIN INFORMACIÓN;63;31;32;0;0;0;0;0;0;0;0;0;0;31;32;0
2014;choco;total;7.157;3.699;3.458;0,00;2.978;2.814;0,00;324;325;0,00;374;294;0,00;;;
2014;choco;Quibdó;3.641;1.853;1.788;0,00;1.772;1.714;0,00;30;31;0,00;42;32;0,00;;;
2014;choco;Acandí;207;112;95;0,00;83;70;0,00;16;16;0,00;13;9;0,00;;;
2014;choco;Alto Baudó;44;29;15;0,00;16;8;0,00;8;4;0,00;5;3;0,00;;;
2014;choco;Atrato;90;53;37;0,00;24;21;0,00;23;11;0,00;6;5;0,00;;;
2014;choco;Bagadó;205;101;104;0,00;18;19;0,00;17;22;0,00;66;63;0,00;;;
2014;choco;Bahía Solano;148;82;66;0,00;64;45;0,00;16;19;0,00;2;2;0,00;;;
2014;choco;Bajo Baudó;68;33;35;0,00;15;22;0,00;5;6;0,00;13;7;0,00;;;
2014;choco;Bojayá;77;42;35;0,00;21;16;0,00;9;8;0,00;4;4;0,00;;;
2014;choco;El Cantón del San Pablo;78;45;33;0,00;36;26;0,00;7;6;0,00;2;1;0,00;;;
2014;choco;Carmen del Darién;70;36;34;0,00;19;14;0,00;8;12;0,00;9;8;0,00;;;
2014;choco;Cértegui;67;32;35;0,00;29;31;0,00;3;3;0,00;0;1;0,00;;;
2014;choco;Condoto;233;124;109;0,00;105;90;0,00;15;15;0,00;4;4;0,00;;;
2014;choco;El Carmen de Atrato;79;47;32;0,00;6;8;0,00;1;0;0,00;40;24;0,00;;;
2014;choco;El Litoral del San Juan;39;25;14;0,00;13;10;0,00;5;3;0,00;7;1;0,00;;;
2014;choco;Istmina;651;338;313;0,00;312;288;0,00;13;12;0,00;13;12;0,00;;;
2014;choco;Juradó;34;21;13;0,00;19;10;0,00;0;0;0,00;2;3;0,00;;;
2014;choco;Lloró;125;71;54;0,00;33;29;0,00;7;5;0,00;31;20;0,00;;;
2014;choco;Medio Atrato;33;17;16;0,00;8;9;0,00;4;4;0,00;5;3;0,00;;;
2014;choco;Medio Baudó;57;25;32;0,00;9;18;0,00;11;9;0,00;5;5;0,00;;;
2014;choco;Medio San Juan;72;41;31;0,00;26;18;0,00;7;7;0,00;8;6;0,00;;;
2014;choco;Nóvita;101;58;43;0,00;43;24;0,00;6;12;0,00;9;7;0,00;;;
2014;choco;Nuquí;58;26;32;0,00;19;25;0,00;2;0;0,00;4;6;0,00;;;
2014;choco;Río Iró;47;26;21;0,00;17;16;0,00;7;4;0,00;2;1;0,00;;;
2014;choco;Río Quito;91;44;47;0,00;16;21;0,00;24;25;0,00;4;1;0,00;;;
2014;choco;Riosucio;184;88;96;0,00;59;67;0,00;4;4;0,00;25;25;0,00;;;
2014;choco;San José del Palmar;99;52;47;0,00;14;10;0,00;14;18;0,00;24;18;0,00;;;
2014;choco;Sipí;46;23;23;0,00;10;11;0,00;8;9;0,00;5;3;0,00;;;
2014;choco;Tadó;271;132;139;0,00;100;108;0,00;23;26;0,00;9;5;0,00;;;
2014;choco;Unguía;141;67;74;0,00;36;41;0,00;19;23;0,00;11;10;0,00;;;
2014;choco;Unión Panamericana;93;52;41;0,00;36;25;0,00;12;11;0,00;4;5;0,00;;;
2014;choco;Sin Información;8;4;4;0,00;0;0;0,00;0;0;0,00;0;0;0,00;;;
2015;choco;total;6.701;3.417;3.283;0,00;1;2.813;0,00;2.690;1;0,00;283;277;0;;;
2015;choco;Quibdó;3.493;1.804;1.689;0,00;0;1.753;0,00;1.635;0;0,00;23;28;0;;;
2015;choco;Acandí;180;96;84;0,00;0;82;0,00;69;0;0,00;8;7;0;;;
2015;choco;Alto Baudó;46;26;20;0,00;0;13;0,00;10;0;0,00;9;6;0;;;
2015;choco;Atrato;76;43;33;0,00;0;30;0,00;14;0;0,00;10;16;0;;;
2015;choco;Bagadó;143;57;86;0,00;0;8;0,00;22;0;0,00;9;19;0;;;
2015;choco;Bahía Solano;114;62;52;0,00;0;52;0,00;29;0;0,00;9;17;0;;;
2015;choco;Bajo Baudó;51;28;23;0,00;0;19;0,00;17;0;0,00;5;1;0;;;
2015;choco;Bojayá;145;84;61;0,00;0;29;0,00;25;0;0,00;9;2;0;;;
2015;choco;El Cantón del San Pablo;78;41;37;0,00;0;33;0,00;28;0;0,00;4;4;0;;;
2015;choco;Carmen del Darién;70;37;33;0,00;0;24;0,00;15;0;0,00;3;5;0;;;
2015;choco;Cértegui;66;23;43;0,00;0;19;0,00;42;0;0,00;2;0;0;;;
2015;choco;Condoto;204;99;105;0,00;0;87;0,00;93;0;0,00;6;6;0;;;
2015;choco;El Carmen de Atrato;99;48;51;0,00;0;22;0,00;21;0;0,00;3;2;0;;;
2015;choco;El Litoral del San Juan;30;19;11;0,00;0;7;0,00;3;0;0,00;6;4;0;;;
2015;choco;Istmina;486;244;242;0,00;0;216;0,00;224;0;0,00;21;5;0;;;
2015;choco;Juradó;34;19;15;0,00;0;14;0,00;14;0;0,00;0;0;0;;;
2015;choco;Lloró;113;60;53;0,00;0;26;0,00;24;0;0,00;9;12;0;;;
2015;choco;Medio Atrato;54;31;23;0,00;0;16;0,00;5;0;0,00;7;8;0;;;
2015;choco;Medio Baudó;74;40;34;0,00;0;16;0,00;16;0;0,00;15;10;0;;;
2015;choco;Medio San Juan;98;46;52;0,00;0;15;0,00;23;0;0,00;23;25;0;;;
2015;choco;Nóvita;64;26;38;0,00;0;21;0,00;28;0;0,00;1;4;0;;;
2015;choco;Nuquí;38;21;17;0,00;0;11;0,00;8;0;0,00;5;4;0;;;
2015;choco;Río Iró;45;20;25;0,00;0;15;0,00;18;0;0,00;1;5;0;;;
2015;choco;Río Quito;96;56;40;0,00;0;20;0,00;18;0;0,00;29;20;0;;;
2015;choco;Riosucio;202;105;97;0,00;0;81;0,00;79;0;0,00;4;2;0;;;
2015;choco;San José del Palmar;81;40;41;0,00;0;15;0,00;16;0;0,00;7;4;0;;;
2015;choco;Sipí;35;16;19;0,00;0;10;0,00;8;0;0,00;6;10;0;;;
2015;choco;Tadó;231;109;122;0,00;0;85;0,00;96;0;0,00;13;21;0;;;
2015;choco;Unguía;167;76;90;0,00;1;52;0,00;65;1;0,00;20;15;0;;;
2015;choco;Unión Panamericana;86;40;46;0,00;0;22;0,00;25;0;0,00;16;15;0;;;
2015;choco;Sin Información;2;1;1;0,00;0;0;0,00;0;0;0,00;0;0;0;;;
2016;choco;total;5.855;3.063;2.791;0,00;1;2.471;0,00;2.252;1;0,00;285;244;0;;;
2016;choco;Quibdó;2.953;1.529;1.423;0,00;1;1.469;0,00;1.376;1;0,00;29;21;0;;;
2016;choco;Acandí;175;80;95;0,00;0;55;0,00;77;0;0,00;13;9;0;;;
2016;choco;Alto Baudó;66;31;35;0,00;0;15;0,00;14;0;0,00;6;12;0;;;
2016;choco;Atrato;55;32;23;0,00;0;20;0,00;11;0;0,00;8;12;0;;;
2016;choco;Bagadó;123;49;74;0,00;0;8;0,00;20;0;0,00;8;10;0;;;
2016;choco;Bahía Solano;100;55;45;0,00;0;33;0,00;32;0;0,00;18;10;0;;;
2016;choco;Bajo Baudó;57;32;25;0,00;0;23;0,00;15;0;0,00;4;4;0;;;
2016;choco;Bojayá;119;60;59;0,00;0;24;0,00;22;0;0,00;17;9;0;;;
2016;choco;El Cantón del San Pablo;63;30;33;0,00;0;22;0,00;24;0;0,00;6;4;0;;;
2016;choco;Carmen del Darién;56;32;24;0,00;0;14;0,00;11;0;0,00;6;8;0;;;
2016;choco;Cértegui;52;26;26;0,00;0;22;0,00;21;0;0,00;3;3;0;;;
2016;choco;Condoto;160;80;80;0,00;0;72;0,00;65;0;0,00;3;8;0;;;
2016;choco;El Carmen de Atrato;79;44;35;0,00;0;14;0,00;12;0;0,00;0;0;0;;;
2016;choco;El Litoral del San Juan;31;16;15;0,00;0;7;0,00;7;0;0,00;5;6;0;;;
2016;choco;Istmina;452;257;195;0,00;0;241;0,00;177;0;0,00;9;5;0;;;
2016;choco;Juradó;24;13;11;0,00;0;11;0,00;10;0;0,00;0;1;0;;;
2016;choco;Lloró;94;53;41;0,00;0;32;0,00;27;0;0,00;15;5;0;;;
2016;choco;Medio Atrato;49;29;20;0,00;0;19;0,00;10;0;0,00;7;7;0;;;
2016;choco;Medio Baudó;69;36;33;0,00;0;15;0,00;13;0;0,00;11;7;0;;;
2016;choco;Medio San Juan;87;45;42;0,00;0;20;0,00;16;0;0,00;19;20;0;;;
2016;choco;Nóvita;49;32;17;0,00;0;20;0,00;10;0;0,00;7;3;0;;;
2016;choco;Nuquí;48;20;28;0,00;0;13;0,00;17;0;0,00;5;7;0;;;
2016;choco;Río Iró;39;27;12;0,00;0;18;0,00;8;0;0,00;5;2;0;;;
2016;choco;Río Quito;80;50;30;0,00;0;20;0,00;15;0;0,00;24;14;0;;;
2016;choco;Riosucio;245;130;115;0,00;0;96;0,00;77;0;0,00;6;13;0;;;
2016;choco;San José del Palmar;99;54;45;0,00;0;14;0,00;15;0;0,00;13;11;0;;;
2016;choco;Sipí;41;18;23;0,00;0;6;0,00;9;0;0,00;9;10;0;;;
2016;choco;Tadó;228;116;112;0,00;0;91;0,00;91;0;0,00;8;11;0;;;
2016;choco;Unguía;95;50;45;0,00;0;35;0,00;29;0;0,00;11;8;0;;;
2016;choco;Unión Panamericana;67;37;30;0,00;0;22;0,00;21;0;0,00;10;4;0;;;
2016;choco;Sin Información;0;0;0;0,00;0;0;0,00;0;0;0,00;0;0;0;;;
2017;choco;total;6.301;3.260;3.038;0,00;3;2.658;0,00;2.463;1;0,00;256;262;0;;;
2017;choco;Quibdó;3.221;1.673;1.547;0,00;1;1.583;0,00;1.473;1;0,00;33;36;0;;;
2017;choco;Acandí;163;87;76;0,00;0;52;0,00;48;0;0,00;17;18;0;;;
2017;choco;Alto Baudó;91;49;42;0,00;0;32;0,00;17;0;0,00;5;8;0;;;
2017;choco;Atrato;62;35;27;0,00;0;21;0,00;17;0;0,00;13;7;0;;;
2017;choco;Bagadó;168;83;85;0,00;0;23;0,00;24;0;0,00;8;11;0;;;
2017;choco;Bahía Solano;148;74;74;0,00;0;51;0,00;45;0;0,00;14;24;0;;;
2017;choco;Bajo Baudó;86;36;50;0,00;0;19;0,00;22;0;0,00;6;8;0;;;
2017;choco;Bojayá;82;46;36;0,00;0;33;0,00;31;0;0,00;8;2;0;;;
2017;choco;El Cantón del San Pablo;55;27;27;0,00;1;21;0,00;23;0;0,00;3;4;0;;;
2017;choco;Carmen del Darién;89;45;44;0,00;0;20;0,00;25;0;0,00;5;7;0;;;
2017;choco;Cértegui;51;25;26;0,00;0;21;0,00;25;0;0,00;4;1;0;;;
2017;choco;Condoto;161;90;71;0,00;0;79;0,00;64;0;0,00;7;5;0;;;
2017;choco;El Carmen de Atrato;105;58;47;0,00;0;30;0,00;19;0;0,00;3;3;0;;;
2017;choco;El Litoral del San Juan;28;12;16;0,00;0;8;0,00;6;0;0,00;3;4;0;;;
2017;choco;Istmina;456;235;221;0,00;0;227;0,00;210;0;0,00;4;5;0;;;
2017;choco;Juradó;20;7;13;0,00;0;7;0,00;11;0;0,00;0;0;0;;;
2017;choco;Lloró;95;53;41;0,00;1;38;0,00;30;0;0,00;7;5;0;;;
2017;choco;Medio Atrato;54;28;26;0,00;0;18;0,00;12;0;0,00;7;10;0;;;
2017;choco;Medio Baudó;74;37;37;0,00;0;18;0,00;21;0;0,00;9;8;0;;;
2017;choco;Medio San Juan;82;46;36;0,00;0;20;0,00;21;0;0,00;14;12;0;;;
2017;choco;Nóvita;77;41;36;0,00;0;30;0,00;24;0;0,00;7;6;0;;;
2017;choco;Nuquí;54;28;26;0,00;0;10;0,00;16;0;0,00;15;10;0;;;
2017;choco;Río Iró;29;15;14;0,00;0;13;0,00;12;0;0,00;1;1;0;;;
2017;choco;Río Quito;88;51;37;0,00;0;34;0,00;18;0;0,00;13;15;0;;;
2017;choco;Riosucio;264;137;127;0,00;0;87;0,00;78;0;0,00;11;12;0;;;
2017;choco;San José del Palmar;73;42;31;0,00;0;15;0,00;9;0;0,00;7;6;0;;;
2017;choco;Sipí;21;9;12;0,00;0;2;0,00;4;0;0,00;5;6;0;;;
2017;choco;Tadó;229;112;117;0,00;0;93;0,00;94;0;0,00;11;11;0;;;
2017;choco;Unguía;116;56;60;0,00;0;37;0,00;36;0;0,00;11;12;0;;;
2017;choco;Unión Panamericana;58;23;35;0,00;0;16;0,00;28;0;0,00;5;5;0;;;
2017;choco;Sin Información;1;0;1;0,00;0;0;0,00;0;0;0,00;0;0;0;;;
2018;choco;total;7.653;3.999;3.653;0,00;1;2.642;0,00;2.400;0;0,00;549;524;0;;;
2018;choco;Quibdó;3.263;1.676;1.587;0,00;0;1.601;0,00;1.520;0;0,00;35;48;0;;;
2018;choco;Acandí;212;111;101;0,00;0;77;0,00;65;0;0,00;18;18;0;;;
2018;choco;Alto Baudó;302;163;139;0,00;0;38;0,00;19;0;0,00;41;45;0;;;
2018;choco;Atrato;54;33;21;0,00;0;17;0,00;9;0;0,00;11;8;0;;;
2018;choco;Bagadó;199;113;86;0,00;0;14;0,00;13;0;0,00;25;22;0;;;
2018;choco;Bahía Solano;148;86;62;0,00;0;53;0,00;44;0;0,00;17;14;0;;;
2018;choco;Bajo Baudó;241;128;113;0,00;0;25;0,00;17;0;0,00;10;11;0;;;
2018;choco;Bojayá;289;161;128;0,00;0;39;0,00;21;0;0,00;18;9;0;;;
2018;choco;El Cantón del San Pablo;66;40;26;0,00;0;22;0,00;19;0;0,00;11;5;0;;;
2018;choco;Carmen del Darién;97;49;48;0,00;0;37;0,00;28;0;0,00;6;8;0;;;
2018;choco;Cértegui;39;18;21;0,00;0;14;0,00;17;0;0,00;2;2;0;;;
2018;choco;Condoto;175;95;80;0,00;0;85;0,00;63;0;0,00;9;14;0;;;
2018;choco;El Carmen de Atrato;170;83;86;0,00;1;21;0,00;16;0;0,00;5;9;0;;;
2018;choco;El Litoral del San Juan;64;29;35;0,00;0;7;0,00;11;0;0,00;16;14;0;;;
2018;choco;Istmina;442;236;206;0,00;0;217;0,00;188;0;0,00;7;6;0;;;
2018;choco;Juradó;19;11;8;0,00;0;9;0,00;7;0;0,00;1;0;0;;;
2018;choco;Lloró;234;125;109;0,00;0;32;0,00;26;0;0,00;8;8;0;;;
2018;choco;Medio Atrato;77;32;45;0,00;0;9;0,00;9;0;0,00;9;20;0;;;
2018;choco;Medio Baudó;113;67;46;0,00;0;29;0,00;23;0;0,00;15;4;0;;;
2018;choco;Medio San Juan;87;38;49;0,00;0;12;0,00;13;0;0,00;21;24;0;;;
2018;choco;Nóvita;62;31;31;0,00;0;18;0,00;26;0;0,00;4;1;0;;;
2018;choco;Nuquí;66;41;25;0,00;0;16;0,00;8;0;0,00;20;13;0;;;
2018;choco;Río Iró;59;32;27;0,00;0;8;0,00;7;0;0,00;8;9;0;;;
2018;choco;Río Quito;66;41;25;0,00;0;21;0,00;10;0;0,00;14;13;0;;;
2018;choco;Riosucio;432;199;233;0,00;0;66;0,00;82;0;0,00;68;81;0;;;
2018;choco;San José del Palmar;55;26;29;0,00;0;5;0,00;8;0;0,00;9;4;0;;;
2018;choco;Sipí;48;23;25;0,00;0;5;0,00;3;0;0,00;10;11;0;;;
2018;choco;Tadó;379;206;173;0,00;0;87;0,00;80;0;0,00;102;83;0;;;
2018;choco;Unguía;126;69;57;0,00;0;33;0,00;28;0;0,00;22;10;0;;;
2018;choco;Unión Panamericana;69;37;32;0,00;0;25;0,00;20;0;0,00;7;10;0;;;
2018;choco;Sin Información;0;0;0;0,00;0;0;0,00;0;0;0,00;0;0;0;;;
2019;choco;total;5.377;2.746;2.631;0,00;0;2.187;0,00;2.067;0;0,00;280;283;0;;;
2019;choco;Quibdó;2.733;1.401;1.332;0,00;0;1.356;0,00;1.284;0;0,00;16;32;0;;;
2019;choco;Acandí;236;126;110;0,00;0;90;0,00;71;0;0,00;20;20;0;;;
2019;choco;Alto Baudó;75;39;36;0,00;0;23;0,00;19;0;0,00;11;11;0;;;
2019;choco;Atrato;39;19;20;0,00;0;10;0,00;9;0;0,00;6;5;0;;;
2019;choco;Bagadó;53;27;26;0,00;0;11;0,00;9;0;0,00;6;3;0;;;
2019;choco;Bahía Solano;139;66;73;0,00;0;39;0,00;42;0;0,00;18;24;0;;;
2019;choco;Bajo Baudó;55;26;29;0,00;0;18;0,00;18;0;0,00;4;3;0;;;
2019;choco;Bojayá;66;25;41;0,00;0;9;0,00;15;0;0,00;12;16;0;;;
2019;choco;El Cantón del San Pablo;69;38;31;0,00;0;27;0,00;22;0;0,00;7;6;0;;;
2019;choco;Carmen del Darién;76;39;37;0,00;0;20;0,00;18;0;0,00;6;6;0;;;
2019;choco;Cértegui;44;23;21;0,00;0;15;0,00;18;0;0,00;3;0;0;;;
2019;choco;Condoto;116;61;55;0,00;0;53;0,00;45;0;0,00;4;2;0;;;
2019;choco;El Carmen de Atrato;89;40;49;0,00;0;16;0,00;13;0;0,00;4;5;0;;;
2019;choco;El Litoral del San Juan;62;31;31;0,00;0;9;0,00;7;0;0,00;16;16;0;;;
2019;choco;Istmina;370;175;195;0,00;0;160;0,00;175;0;0,00;8;12;0;;;
2019;choco;Juradó;14;6;8;0,00;0;2;0,00;6;0;0,00;2;0;0;;;
2019;choco;Lloró;73;37;36;0,00;0;26;0,00;23;0;0,00;7;6;0;;;
2019;choco;Medio Atrato;24;15;9;0,00;0;10;0,00;4;0;0,00;4;2;0;;;
2019;choco;Medio Baudó;86;42;44;0,00;0;20;0,00;23;0;0,00;10;9;0;;;
2019;choco;Medio San Juan;58;35;23;0,00;0;15;0,00;10;0;0,00;12;7;0;;;
2019;choco;Nóvita;36;18;18;0,00;0;10;0,00;18;0;0,00;2;0;0;;;
2019;choco;Nuquí;24;14;10;0,00;0;8;0,00;7;0;0,00;4;3;0;;;
2019;choco;Río Iró;37;15;22;0,00;0;9;0,00;16;0;0,00;3;4;0;;;
2019;choco;Río Quito;52;32;20;0,00;0;15;0,00;11;0;0,00;15;4;0;;;
2019;choco;Riosucio;327;164;163;0,00;0;82;0,00;72;0;0,00;35;45;0;;;
2019;choco;San José del Palmar;62;37;25;0,00;0;10;0,00;12;0;0,00;4;4;0;;;
2019;choco;Sipí;32;20;12;0,00;0;11;0,00;3;0;0,00;6;4;0;;;
2019;choco;Tadó;157;83;74;0,00;0;67;0,00;57;0;0,00;12;11;0;;;
2019;choco;Unguía;135;66;69;0,00;0;29;0,00;30;0;0,00;17;21;0;;;
2019;choco;Unión Panamericana;38;26;12;0,00;0;17;0,00;10;0;0,00;6;2;0;;;
2019;choco;Información;0;0;0;0,00;0;0;0,00;0;0;0,00;0;0;0;;;
